x,y,z,w
0,0,0,3
0.019384714191356,0.436861655634457,0,3
0.0198039572320984,0.872565553565854,0,3
0.0196090722856889,1.33193247618665,0,3
0.019414208153666,1.79129937799308,0,3
0.0192193440216312,2.25066630061387,0,3
0.0190244590752217,2.71003322323467,0,3
0.0196634810488946,3.14548449715726,0,3
0.0198177571594062,3.55853582480576,0,3
0.0199720332699296,3.97158713163987,0,3
0.0192924232747335,4.40855406635783,0,3
0.0190975383283358,4.86792098897864,0,3
0.0197365603020087,5.30337228371559,0,3
0.0198908364125203,5.71642359054973,0,3
0.0200450917086572,6.12947489738384,0,3
0.0193654817134729,6.5664418321018,0,3
0.0191706175814381,7.0258087547226,0,3
0.019809639555111,7.46126004945956,0,3
0.0188650418153212,7.87557439308026,0,3
0.0201181709617595,8.28736266312781,0,3
0.0194385609665752,8.72432959784577,0,3
0.0192436968345404,9.18369652046657,0,3
0.0190488327025056,9.64306344308735,0,3
0.0188539477561079,10.1024303657082,0,3
0.0194929697297808,10.5378816396307,0,3
0.0196472458402924,10.9509329464649,0,3
0.019801521950804,11.3639842741134,0,3
0.019121891141245,11.8009512088313,0,3
0.0189270270092102,12.2603181314521,0,3
0.0195660489828831,12.6957694053747,0,3
0.0197203250933947,13.1088207330232,0,3
0.0198745803895434,13.5218720398573,0,3
0.0191949703943473,13.9588389745753,0,3
0.0190001062623125,14.4182058971961,0,3
0.0196391282359854,14.853657191933,0,3
0.0197933835321341,15.2667084987672,0,3
0.0199476596426457,15.6797598056013,0,3
0.0192680496474496,16.1167267403193,0,3
0.0190731855154148,16.5760936629401,0,3
0.0188783213833918,17.0354605855609,0,3
0.0186834364369823,17.4948275081816,0,3
0.0193224584106552,17.9302787821042,0,3
0.0194767345211668,18.3433300889384,0,3
0.0196310106316784,18.7563814165869,0,3
0.0189513798221194,19.1933483513048,0,3
0.0187565156900846,19.6527152739256,0,3
0.0193955376637575,20.0881665478482,0,3
0.0195498137742691,20.5012178546823,0,3
0.0197040690704178,20.9142691823308,0,3
0.0190244590752217,21.3512361170488,0,3
0.0188295949431987,21.8106030396696,0,3
0.0194686169168716,22.2460543135922,0,3
0.0196228722130085,22.6591056412407,0,3
0.0197771483235201,23.0721569480748,0,3
0.0190975383283358,23.5091238827928,0,3
0.018902674196301,23.9684908054135,0,3
0.0187078100642662,24.4278577280343,0,3
0.0185129251178685,24.8872246506551,0,3
0.0191519470915414,25.3226759245777,0,3
0.019306223202053,25.7357272314119,0,3
0.0194604784981899,26.148778538246,0,3
0.0187808685030056,26.5857454937783,0,3
0.0185860043709708,27.0451124163991,0,3
0.0192250263446437,27.4805636903217,0,3
0.0193793024551553,27.8936149971558,0,3
0.0195335577512922,28.3066663248043,0,3
0.0188539477561079,28.7436332595223,0,3
0.0186590836240731,29.2030001821431,0,3
0.019298105597746,29.6384514560656,0,3
0.0194523608938829,30.0515027628998,0,3
0.0196066370044063,30.4645540905483,0,3
0.0189270270092102,30.9015210252662,0,3
0.022688037969396,31.3563409655009,0,3
0.0441957762730188,31.8137194913547,0,3
0.0865070611140849,32.2701430539124,0,3
0.153093021721665,32.698664682885,0,3
0.234063980772372,33.110651834238,0,3
0.317732128332074,33.5195387684356,0,3
0.403198408502566,33.9263588981342,0,3
0.48776561196047,34.3342124196751,0,3
0.572332836232749,34.7420659620304,0,3
0.657799095588855,35.148886091729,0,3
0.742366319861134,35.5567396132699,0,3
0.827832579217252,35.9635597429685,0,3
0.911500747591316,36.3724466771661,0,3
0.996967006947434,36.7792668068647,0,3
1.08153423121971,37.1871203284056,0,3
1.16610143467762,37.5949738707609,0,3
1.2524667707463,38.0007605878029,0,3
1.33613491830601,38.4096475220004,0,3
1.42070212176392,38.8175010435413,0,3
1.5070674578326,39.2232877605833,0,3
1.5898365494941,39.6332081074375,0,3
1.67620188556278,40.0389948244795,0,3
1.7607690890207,40.4468483668348,0,3
1.84353818068218,40.8567686928745,0,3
1.92091289532572,41.2728894740396,0,3
1.98570074413688,41.7034779075112,0,3
2.02621389636717,42.1619682745678,0,3
2.05863550388486,42.6297592930908,0,3
2.06723146404027,43.0790217965328,0,3
2.06848459318671,43.4908100665804,0,3
2.07720991465173,43.8940095782445,0,3
2.03370423881638,44.3113304535413,0,3
1.97167448136086,44.7438214661324,0,3
1.89430678116003,45.137314675073,0,3
1.80499587870502,45.4966735244308,0,3
1.71875232751526,45.8629417247279,0,3
1.59943746906232,46.2338307359814,0,3
1.48685462311604,46.569850640391,0,3
1.36266112610523,46.8962589474605,0,3
1.22363310270216,47.2397184280708,0,3
1.07966025104461,47.588861647071,0,3
0.939396020577936,47.9337420622788,0,3
0.803839147218308,48.2502546142288,0,3
0.670791217205312,48.6072467864592,0,3
0.512422293859772,48.9754880017038,0,3
0.369685649265846,49.3232102861065,0,3
0.231893832926409,49.6652488321193,0,3
0.0891571883324827,50.012971116522,0,3
-0.0535794562614433,50.3606934009247,0,3
-0.198788535796994,50.7112575545224,0,3
-0.339052766263682,51.0561379697301,0,3
-0.474609639623298,51.3726505008659,0,3
-0.606558716600368,51.7283796363096,0,3
-0.766026492981846,52.0978838883408,0,3
-0.908763137575772,52.4456061727435,0,3
-1.0465549539152,52.7876447395707,0,3
-1.18805539144551,53.133946089376,0,3
-1.32584718697056,53.4759846562032,0,3
-1.45004068398138,53.8023929632727,0,3
-1.57004079312378,54.1469384544526,0,3
-1.68683650918881,54.5107578649324,0,3
-1.79029090095173,54.8821995601528,0,3
-1.88221704574098,55.2633475580969,0,3
-1.96178111989399,55.630286251695,0,3
-2.02892215812099,56.0059027891802,0,3
-2.08922813189541,56.4027419497286,0,3
-2.13869279534962,56.8085465046858,0,3
-2.19866998533536,57.2111296612252,0,3
-2.23997248091954,57.6718324292988,0,3
-2.24834406216624,58.1176407255946,0,3
-2.23816450311175,58.5880401593386,0,3
-2.20574289559404,59.0558311778616,0,3
-2.16792693187274,59.5174217620737,0,3
-2.10853346007955,59.9542106298562,0,3
-2.03745217835221,60.3775652163602,0,3
-1.95288497489431,60.7854187587154,0,3
-1.85573088478967,61.1788046279499,0,3
-1.74958619407423,61.5618564330612,0,3
-1.63534991701748,61.9356076075205,0,3
-1.50942585084094,62.2959245007012,0,3
-1.37451114242486,62.6459073713876,0,3
-1.23240394519439,62.9876229824497,0,3
-1.08220520325134,63.3200379628598,0,3
-0.923914895781328,63.6431522918034,0,3
-0.758432078682571,63.9579993819371,0,3
-0.584857696056843,64.2635458414188,0,3
-0.404989901329311,64.5618584539329,0,3
-0.217929596973022,64.8519038276371,0,3
-0.0245758388861791,65.1347153543737,0,3
0.175071331302468,65.4102930757715,0,3
0.381911011119861,65.677603537545,0,3
0.594145047140866,65.938713585822,0,3
0.811773480994212,66.1936231789736,0,3
1.03659440366195,66.4402655541298,0,3
1.26770875924586,66.6796741031327,0,3
1.50781373625494,66.9087485880125,0,3
1.74072620363526,67.1460903117022,0,3
1.9898218020695,67.3648307532733,0,3
2.24970615453969,67.5711703262225,0,3
2.50959050700987,67.777509919986,0,3
2.77666734829445,67.9755822541254,0,3
3.04823951069879,68.1684875666103,0,3
3.32790321781572,68.3520922484432,0,3
3.6111631901542,68.531563300464,0,3
3.90161565130708,68.7027671136749,0,3
4.19926062208871,68.865703688076,0,3
4.50229994907395,69.0224398489805,0,3
4.81343084158614,69.1698753376042,0,3
5.1290570552181,69.3121438253878,0,3
5.45367386946086,69.4440782490484,0,3
5.78368508153596,69.5698122592124,0,3
6.11998970571287,69.6883124224088,0,3
6.46618402802752,69.7954451296398,0,3
6.82046991586913,69.8932772062188,0,3
7.18194829252512,69.9828420439879,0,3
7.54972012291167,70.0651730347895,0,3
7.9300787983162,70.1330363524702,0,3
8.31493279484049,70.1957326693109,0,3
8.69529149105939,70.2635959869916,0,3
9.06665954503876,70.3417933687954,0,3
9.42723886579655,70.4323915984068,0,3
9.78152475363816,70.5302236749857,0,3
10.125920943342,70.63942320753,0,3
10.4622255883333,70.7579233707264,0,3
10.7931358354922,70.8826239682338,0,3
11.115954558753,71.0166251963932,0,3
11.4306816956723,71.1599270968335,0,3
11.7400144555738,71.3094294107704,0,3
12.0403566148644,71.469265768016,0,3
12.3371025089334,71.6332357550737,0,3
12.6239587256791,71.8085731772824,0,3
12.9099158657122,71.9849440121477,0,3
13.1841852166255,72.1747491282916,0,3
13.4557573790299,72.3676544407765,0,3
13.7156417315001,72.5739940137257,0,3
13.9818194960721,72.7730997605216,0,3
14.2318141712189,72.9908068102505,0,3
14.4755153926352,73.2157476653183,0,3
14.712024125237,73.4489557800102,0,3
14.9467347252281,73.684230699201,0,3
15.1733537805067,73.9288062490439,0,3
15.3936793820546,74.1806156458544,0,3
15.6077115506864,74.4396588896325,0,3
15.8217437193182,74.6987021125962,0,3
16.0357759087643,74.9577453355599,0,3
16.2498080773961,75.216788579338,0,3
16.4638402460279,75.4758318023017,0,3
16.6760743028633,75.7369418505787,0,3
16.8901064714951,75.9959850735424,0,3
17.1005423957197,76.2591619263182,0,3
17.3145745643515,76.518205149282,0,3
17.5286067329832,76.7772483722457,0,3
17.742638901615,77.0362916160238,0,3
17.9566710910612,77.2953348389875,0,3
18.1689051270822,77.5564448664501,0,3
18.382937295714,77.8154881102282,0,3
18.5951713525493,78.0765981376908,0,3
18.8074054093847,78.3377081859677,0,3
19.0214375780165,78.5967514089314,0,3
19.2354697466483,78.8557946318952,0,3
19.4495019152801,79.1148378756733,0,3
19.6617359721154,79.3759479031358,0,3
19.8757681407472,79.6349911469139,0,3
20.089800309379,79.8940343698776,0,3
20.3002362336036,80.1572112226535,0,3
20.5142684230498,80.4162544456172,0,3
20.7283005916815,80.6752976685809,0,3
20.9423327603133,80.934340912359,0,3
21.1545668171487,81.1954509398216,0,3
21.3685989857805,81.4544941835997,0,3
21.5826311544123,81.7135374065634,0,3
21.7930670786369,81.9767142593392,0,3
22.0070992472687,82.2357574823029,0,3
22.2211314159004,82.4948007052667,0,3
22.4351636053466,82.7538439490447,0,3
22.6473976413676,83.0149539765073,0,3
22.8614298099994,83.2739971994711,0,3
23.0754619994455,83.5330404432491,0,3
23.2876960354665,83.7941504707117,0,3
23.4999300923019,84.0552605189887,0,3
23.7139622609337,84.3143037419524,0,3
23.9279944295655,84.5733469649161,0,3
24.1402284864009,84.8344570131931,0,3
24.3542606550326,85.0935002361568,0,3
24.5682928236644,85.3525434799349,0,3
24.7823250131106,85.6115867028986,0,3
24.9927609373352,85.8747635556744,0,3
25.206793105967,86.1338067786382,0,3
25.4208252745988,86.3928500016019,0,3
25.6330593314341,86.6539600498788,0,3
25.8470915000659,86.9130032728426,0,3
26.0611236686977,87.1720465166207,0,3
26.2751558373295,87.4310897395844,0,3
26.4855917615541,87.6942665923602,0,3
26.6996239301859,87.9533098153239,0,3
26.913656119632,88.2123530382876,0,3
27.125890155653,88.4734630865646,0,3
27.3399223242848,88.7325063095283,0,3
27.553954513731,88.991549532492,0,3
27.7679866823627,89.2505927762701,0,3
27.9802207391981,89.5117028037327,0,3
28.1924547752191,89.7728128520097,0,3
28.4064869438509,90.0318560749734,0,3
28.6187210006863,90.2929661232504,0,3
28.8327531693181,90.552009346214,0,3
29.0467853379499,90.8110525691778,0,3
29.260817527396,91.0700958129559,0,3
29.4748496960278,91.3291390359196,0,3
29.6852856202524,91.5923158886954,0,3
29.8993177888842,91.8513591116591,0,3
30.1115518457195,92.1124691599361,0,3
30.3255840143513,92.3715123828998,0,3
30.5396161829831,92.6305556058635,0,3
30.7536483516149,92.8895988496416,0,3
30.9676805202467,93.1486420726053,0,3
31.1790155211839,93.4107855127245,0,3
31.3921486339174,93.6708621483449,0,3
31.6043826699384,93.9319721966218,0,3
31.8184148385702,94.1910154195856,0,3
32.0324470280164,94.4500586425493,0,3
32.2464791966482,94.709101865513,0,3
32.4605113652799,94.9681451092911,0,3
32.6727454221153,95.2292551367537,0,3
32.8849794581363,95.4903651850306,0,3
33.0972135149717,95.7514752124932,0,3
33.3112456836035,96.0105184562713,0,3
33.5252778522353,96.269561679235,0,3
33.7393100416814,96.5286049021988,0,3
33.9533422103132,96.7876481459769,0,3
34.167374378945,97.0466913689406,0,3
34.3778103031696,97.3098682217164,0,3
34.590044360005,97.570978249179,0,3
34.8040765286367,97.8300214929571,0,3
35.0181086972685,98.0890647159208,0,3
35.2321408659003,98.3481079388845,0,3
35.4461730345321,98.6071511826626,0,3
35.6602052239783,98.8661944056263,0,3
35.8724392599993,99.1273044330889,0,3
36.0828751842239,99.3904812858647,0,3
36.2969073528556,99.6495245296428,0,3
36.5109395423018,99.9085677526066,0,3
36.7249717109336,100.16761097557,0,3
36.9390038795654,100.426654198534,0,3
37.1530360481972,100.685697442312,0,3
37.3652701050325,100.946807469775,0,3
37.5757060292571,101.20998432255,0,3
37.7897381978889,101.469027545514,0,3
38.0037703665207,101.728070789292,0,3
38.2178025559668,101.987114012256,0,3
38.4318347245986,102.24615723522,0,3
38.6458668932304,102.505200478998,0,3
38.8581009500658,102.76631050646,0,3
39.0703349860868,103.027420554737,0,3
39.2825690429222,103.2885305822,0,3
39.4966012115539,103.547573825978,0,3
39.7106333801857,103.806617048942,0,3
39.9246655488175,104.065660355163,0,3
40.1386977382637,104.324703515684,0,3
40.3509317742847,104.585813543146,0,3
40.5649639429165,104.844856703667,0,3
40.7753998671411,105.108033598071,0,3
40.9894320565872,105.367076758592,0,3
41.203464225219,105.626120127256,0,3
41.4174963938508,105.885163287777,0,3
41.6315285624826,106.144206448297,0,3
41.8437626193179,106.405316683904,0,3
42.0577947879497,106.664359844424,0,3
42.2682307121743,106.927536738829,0,3
42.4822628808061,107.18657989935,0,3
42.6962950702523,107.44562305987,0,3
42.9103272388841,107.704666428534,0,3
43.1243594075158,107.963709589055,0,3
43.3365934643512,108.224819616518,0,3
43.550625632983,108.483862777038,0,3
43.762859669004,108.744972804501,0,3
43.9750937258394,109.006082831963,0,3
44.1891258944712,109.265126200628,0,3
44.4031580631029,109.524169361148,0,3
44.6171902525491,109.783212521669,0,3
44.8294242885701,110.044322549132,0,3
45.0434564780163,110.303365917796,0,3
45.257488646648,110.562409078316,0,3
45.4679245708726,110.825585972721,0,3
45.6819567395044,111.084629133242,0,3
45.8959889081362,111.343672501906,0,3
46.110021076768,111.602715662427,0,3
46.3222551336034,111.863825689889,0,3
46.5362873022352,112.12286885041,0,3
46.7503194708669,112.381912219074,0,3
46.9607553950915,112.645088905335,0,3
47.1747875845377,112.904132273999,0,3
47.3888197531695,113.16317543452,0,3
47.6028519218012,113.422218595041,0,3
47.8150859786366,113.683328622503,0,3
48.0291181472684,113.942371991167,0,3
48.2431503159002,114.201415151688,0,3
48.4553843727356,114.462525179151,0,3
48.6676184087566,114.723635206613,0,3
48.8816505773884,114.982678575277,0,3
49.0956827668345,115.241721735798,0,3
49.3079168028555,115.502831763261,0,3
49.5219489923017,115.761874923781,0,3
49.7359811609335,116.020918292446,0,3
49.9500133295652,116.279961452966,0,3
50.1604492537898,116.543138347371,0,3
50.3744814224216,116.802181507891,0,3
50.5885135910534,117.061224668412,0,3
50.8007476478888,117.322334695875,0,3
51.0147798165206,117.581378064539,0,3
51.2288119851523,117.84042122506,0,3
51.4428441745985,118.09946438558,0,3
51.6532800988231,118.362641279985,0,3
51.8673122674549,118.621684648649,0,3
52.0813444360867,118.88072780917,0,3
52.293578492922,119.141837836632,0,3
52.5076106615538,119.400880997153,0,3
52.7216428301856,119.659924365817,0,3
52.9356749988174,119.918967526338,0,3
53.1479090556528,120.1800775538,0,3
53.3601430916738,120.441187581263,0,3
53.5741752811199,120.700230741783,0,3
53.7864093171409,120.961340769246,0,3
54.0004415065871,121.22038413791,0,3
54.2144736752189,121.479427298431,0,3
54.4285058438507,121.738470458952,0,3
54.6488314453986,121.990280001463,0,3
54.8871383106113,122.221421290841,0,3
55.1317385879258,122.445328754067,0,3
55.3871276400906,122.656835223784,0,3
55.6586997816805,122.849740723599,0,3
55.93926256551,123.032311888703,0,3
56.2360084595791,123.196281875761,0,3
56.5444421635823,123.346817643983,0,3
56.8690589986394,123.478752026015,0,3
57.2071617554271,123.595185322269,0,3
57.5632457758795,123.690950573535,0,3
57.9346138298589,123.769148080225,0,3
58.3275593919101,123.822543599899,0,3
58.7411833853207,123.852170982314,0,3
59.1817792430068,123.850796193175,0,3
59.6104370604024,123.817229066804,0,3
60.0259580754957,123.752847306352,0,3
60.4685909939459,123.614257737653,0,3
60.859941925482,123.500618978716,0,3
61.2225205913654,123.36464536004,0,3
61.5767937824413,123.209963369312,0,3
61.9043019000078,123.040131639372,0,3
62.2032151736116,122.831745243719,0,3
62.4978132952824,122.633420306385,0,3
62.8181375828124,122.374915613617,0,3
63.0840821848116,122.114508903717,0,3
63.3853139710908,121.845426972541,0,3
63.5978312074301,121.529732092302,0,3
63.8095002998203,121.257737814474,0,3
64.0049213827653,120.95978052407,0,3
64.1802426946516,120.63072198571,0,3
64.3500391650487,120.302402149342,0,3
64.4716852537571,119.974330628408,0,3
64.5803494615191,119.619857744267,0,3
64.6900061608863,119.235989141647,0,3
64.7735157237609,118.829196632618,0,3
64.8551487046641,118.454582098905,0,3
64.937006564021,118.062049722913,0,3
65.0170983865256,117.671547164284,0,3
65.09854118653,117.297151181456,0,3
65.1714003276718,116.902600644148,0,3
65.2536672726568,116.527257399341,0,3
65.3336413690846,116.136890134117,0,3
65.4147928095377,115.745169726699,0,3
65.4959442499908,115.353449319281,0,3
65.5759183464186,114.963082262201,0,3
65.6581852914036,114.587739017394,0,3
65.7310444325453,114.193188480085,0,3
65.8133113775304,113.817845027135,0,3
65.8932854739582,113.427477970055,0,3
65.9744369144113,113.035757562637,0,3
66.0555883548643,112.644037155218,0,3
66.1355624512922,112.253669889995,0,3
66.2178293962772,111.878326645188,0,3
66.2906885166045,111.483776107879,0,3
66.3780673876065,111.097259292964,0,3
66.4501657843387,110.703583167339,0,3
66.5332568743043,110.327292660553,0,3
66.613113223841,109.937060688735,0,3
66.6935582662046,109.546152249891,0,3
66.7754161047471,109.153619873898,0,3
66.8555079272517,108.763117523413,0,3
66.93771149248,108.387847128901,0,3
67.0098098683979,107.994170795133,0,3
67.0929009583635,107.617880288347,0,3
67.1666960384671,107.257572720004,0,3
67.2412543398902,106.873430616563,0,3
67.3134279389413,106.462950425599,0,3
67.3629525894098,106.041963556941,0,3
67.3694568927086,105.612649691417,0,3
67.359684545989,105.153260726378,0,3
67.3495049869345,104.682861375892,0,3
67.3170833794168,104.215070274111,0,3
67.2846617927135,103.747279318031,0,3
67.2522401851958,103.279488299508,0,3
67.2198185776781,102.811697280985,0,3
67.2046941903691,102.346981564817,0,3
67.1938358330798,101.923276651651,0,3
67.1991758221489,101.503910098441,0,3
67.2430467485492,101.067038451909,0,3
67.2962200540086,100.634779186514,0,3
67.343546811076,100.242145298839,0,3
67.4018277547922,99.8476337676602,0,3
67.4672027977957,99.4740471516102,0,3
67.5385254429577,99.116581327576,0,3
67.6271550494535,98.739222460806,0,3
67.7278073482826,98.3710015603865,0,3
67.8337244130476,98.0196863410614,0,3
67.9613987804127,97.643362739427,0,3
68.1073054535591,97.2664887850352,0,3
68.2488694998041,96.8997079892479,0,3
68.4429728249838,96.5805980953218,0,3
68.7393766765105,96.116930757342,0,3
69.0439812649348,95.7389970809298,0,3
69.3005741161891,95.5071949144889,0,3
69.5807920059076,95.2998911366634,0,3
69.8670021446081,95.0811082545918,0,3
70.2229333667703,94.9015633740006,0,3
70.5653137471818,94.7421855989551,0,3
70.9144439780151,94.6163722444126,0,3
71.2622814075127,94.5421331729824,0,3
71.6977191729091,94.5195560547907,0,3
72.1267718180895,94.5084921555976,0,3
72.5367995670929,94.5422531261967,0,3
72.9198554310064,94.607016226722,0,3
73.274141318848,94.7048483033009,0,3
73.6068497194321,94.8274820963094,0,3
73.9206778004533,94.9718173885919,0,3
74.2138274501151,95.1399209846474,0,3
74.4997845901483,95.3162918195127,0,3
74.7857417509957,95.492662654378,0,3
75.0716988910288,95.6690335100576,0,3
75.3558579192655,95.8474711494218,0,3
75.641815080113,96.0238419842871,0,3
75.9241759757389,96.2043464489645,0,3
76.2119312483828,96.3786504793309,0,3
76.4978884092303,96.5550213141962,0,3
76.7802493048562,96.7355257788736,0,3
77.0662064657037,96.9118966137388,0,3
77.3521636057368,97.0882674694185,0,3
77.6363226339735,97.2667051087827,0,3
77.922279794821,97.443075943648,0,3
78.2064388230577,97.6215136038265,0,3
78.4905978512944,97.7999512431906,0,3
78.7783531239383,97.9742552735571,0,3
79.062512152175,98.1526929337356,0,3
79.3466711804117,98.3311305730998,0,3
79.6326283412591,98.5075014287794,0,3
79.9176864253941,98.684905655487,0,3
80.2027445095289,98.8623099030089,0,3
80.4887016703764,99.0386807378741,0,3
80.7719616219005,99.2181518107093,0,3
81.0570197268498,99.3955560374169,0,3
81.3447749994937,99.5698600677833,0,3
81.6289340277304,99.7482977279618,0,3
81.9130930559671,99.9267353673259,0,3
82.1990501960002,100.103106223006,0,3
82.4832092242369,100.28154386237,0,3
82.7691663850844,100.457914697235,0,3
83.0551235251175,100.634285552915,0,3
83.3374844353135,100.814789996778,0,3
83.6234415878352,100.991160852457,0,3
83.911196864642,101.165464882824,0,3
84.1935577665122,101.345969326687,0,3
84.4795149190339,101.522340182367,0,3
84.7636739472706,101.700777821731,0,3
85.0496310977109,101.877148656596,0,3
85.3355882502326,102.053519512276,0,3
85.6197472784693,102.23195715164,0,3
85.9039063046246,102.410394811818,0,3
86.1898634571463,102.586765646684,0,3
86.4767196718106,102.762103068892,0,3
86.7599796358233,102.941574141727,0,3
87.0459367883451,103.117944976593,0,3
87.3300958165817,103.296382615957,0,3
87.616052967022,103.472753450822,0,3
87.9020101195438,103.649124306502,0,3
88.1861691477805,103.827561945866,0,3
88.4703281739357,104.005999501973,0,3
88.7562853264575,104.182370482539,0,3
89.0422424789792,104.358741254961,0,3
89.3264015051345,104.537178894325,0,3
89.6123586576562,104.713549666747,0,3
89.8947195616078,104.894054173053,0,3
90.1824748363332,105.068358286677,0,3
90.4684319888549,105.244729059099,0,3
90.7507928928066,105.425233565405,0,3
91.0367500432469,105.601604337828,0,3
91.3227071957686,105.777975318393,0,3
91.6068662240053,105.956412957758,0,3
91.8928233744456,106.13278373018,0,3
92.1778814648248,106.310187936073,0,3
92.461141430919,106.489659008908,0,3
92.7488967077257,106.663963122532,0,3
93.0339547960235,106.841367328425,0,3
93.3172147621177,107.02083840126,0,3
93.6031719146394,107.197209173682,0,3
93.8891290650797,107.373579946105,0,3
94.1732880933164,107.552017585469,0,3
94.4592452458382,107.728388566035,0,3
94.7434042719934,107.906826205399,0,3
95.0275633002301,108.085263844763,0,3
95.3153185770369,108.259567750243,0,3
95.5994776031921,108.438005597751,0,3
95.8836366314288,108.616443237115,0,3
96.1695937839506,108.792814009537,0,3
96.4537528101058,108.971251648902,0,3
96.7397099626276,109.147622421324,0,3
97.0256671151493,109.32399340189,0,3
97.3080280170195,109.504497700052,0,3
97.5939851695412,109.680868680618,0,3
97.881740446348,109.855172586098,0,3
98.1641013482182,110.035677092404,0,3
98.45005850074,110.212047864826,0,3
98.7351165911192,110.389452278863,0,3
99.020174679417,110.566856484756,0,3
99.3061318319387,110.743227257179,0,3
99.5911899223179,110.920631463072,0,3
99.8744498863306,111.100102535907,0,3
100.160407038852,111.276473516473,0,3
100.448162315659,111.450777421953,0,3
100.730523217529,111.631281928259,0,3
101.016480370051,111.807652700681,0,3
101.300639398288,111.986090340046,0,3
101.586596548728,112.162461320611,0,3
101.87255370125,112.338832093034,0,3
102.15671272907,112.517269732398,0,3
102.440871756682,112.695707371762,0,3
102.72682890858,112.872078144184,0,3
103.012786060477,113.04844912475,0,3
103.296945087881,113.226886764114,0,3
103.582902239987,113.403257536536,0,3
103.865263142898,113.583762042842,0,3
104.153018419288,113.758065948323,0,3
104.438975571185,113.934436928889,0,3
104.721336474304,114.114941435195,0,3
105.007293626202,114.291312207617,0,3
105.293250778099,114.467682980039,0,3
105.578308867854,114.645087185932,0,3
105.8633669574,114.822491599969,0,3
106.148425047155,114.999895805862,0,3
106.431685012625,115.179366878697,0,3
106.719440289432,115.353670784178,0,3
107.005397439872,115.530041764743,0,3
107.287758343824,115.710546062906,0,3
107.573715496345,115.886917043472,0,3
107.859672646786,116.063287815894,0,3
108.143831675022,116.241725455258,0,3
108.429788827544,116.41809622768,0,3
108.713947853699,116.596533867044,0,3
108.998106881936,116.774971506409,0,3
109.285862158743,116.949275620032,0,3
109.570021184898,117.127713259397,0,3
109.854180213135,117.306150898761,0,3
110.140137365657,117.482521671183,0,3
110.424296391812,117.660959518691,0,3
110.710253544334,117.837330291113,0,3
110.996210696855,118.013701063535,0,3
111.279470660868,118.19317213637,0,3
111.564528751247,118.370576342264,0,3
111.852284028054,118.544880455887,0,3
112.135543994148,118.724351528723,0,3
112.420602082446,118.901755734616,0,3
112.706559234968,119.078126507038,0,3
112.990718263204,119.256564146402,0,3
113.276675413645,119.432935126968,0,3
113.562632566166,119.60930589939,0,3
113.844993470118,119.789810405696,0,3
114.130950620558,119.966181178118,0,3
114.418705897365,120.140485291742,0,3
114.701066801317,120.320989589905,0,3
114.987023951757,120.497360570471,0,3
115.271182979994,120.675798209835,0,3
115.557140132516,120.852168982257,0,3
115.843097282956,121.028539754679,0,3
116.127256311193,121.206977602187,0,3
116.411415339429,121.385415241551,0,3
116.69737248987,121.561786013973,0,3
116.983329642391,121.738156786396,0,3
117.267488670628,121.91659442576,0,3
117.553445821068,122.092965406326,0,3
117.836705787162,122.272436479161,0,3
118.123562001827,122.447773818112,0,3
118.409519152267,122.624144590534,0,3
118.692779118361,122.803615663369,0,3
118.97783720874,122.981019869262,0,3
119.263794359181,123.157390849828,0,3
119.549751511702,123.333761622251,0,3
119.833910539939,123.512199261615,0,3
120.119867692461,123.688570034037,0,3
120.402228594331,123.869074540343,0,3
120.689983871138,124.043378653967,0,3
120.97594102366,124.219749426389,0,3
121.25830192553,124.400253932695,0,3
121.544259078052,124.576624705117,0,3
121.830216230573,124.752995685683,0,3
122.114375256728,124.931433325047,0,3
122.40033240925,125.10780409747,0,3
122.684491437487,125.286241736834,0,3
122.968650463642,125.464679376198,0,3
123.256405740449,125.638983489822,0,3
123.542362892971,125.815354262244,0,3
123.833714418348,125.985524641984,0,3
124.145744375084,126.131926676322,0,3
124.479351825322,126.253527139932,0,3
124.839032079774,126.345158865457,0,3
125.224785144685,126.406821644755,0,3
125.644702571012,126.429215201017,0,3
126.087510871344,126.402340310892,0,3
126.529384897863,126.353582024713,0,3
126.966888739256,126.33280407985,0,3
127.399393031415,126.340729983806,0,3
127.8040264034,126.380691284645,0,3
128.188880399925,126.443387705557,0,3
128.554854076886,126.527785396786,0,3
128.902846531811,126.632851341147,0,3
129.235554911581,126.755485030083,0,3
129.553878313722,126.894653446412,0,3
129.856917640707,127.051389607317,0,3
130.14737010186,127.222593420527,0,3
130.425235697181,127.408264886045,0,3
130.686918182262,127.612537529609,0,3
130.936912836594,127.830244600152,0,3
131.182412190621,128.053118629907,0,3
131.408132169187,128.298727571592,0,3
131.622164337819,128.557770940256,0,3
131.82271058472,128.832315186554,0,3
132.011569021687,129.120293651688,0,3
132.183345250888,129.427906936483,0,3
132.341635579172,129.751021307055,0,3
132.481944643792,130.094803722616,0,3
132.605171542274,130.458220957838,0,3
132.705921855971,130.847473197261,0,3
132.784195647327,131.262560440883,0,3
132.836396609492,131.707616630733,0,3
132.849273357055,132.17491588895,0,3
132.863228975859,132.640975027002,0,3
132.915429938024,133.086031008708,0,3
132.998199029685,133.495951501263,0,3
133.10704090891,133.87590304759,0,3
133.238359372919,134.230019381573,0,3
133.38945717076,134.56140101177,0,3
133.55673812047,134.874181255776,0,3
133.742899368928,135.165260021323,0,3
133.943445595014,135.439804475764,0,3
134.159275896257,135.696780769343,0,3
134.386794007434,135.94032305223,0,3
134.632293361461,136.163197081984,0,3
134.89037958132,136.371603459432,0,3
135.162850799623,136.563475317632,0,3
135.449707016368,136.738812864727,0,3
135.752746343354,136.895549025631,0,3
136.070170668782,137.035750667287,0,3
136.403778125264,137.157350922753,0,3
136.755366824597,137.258283341374,0,3
137.125835822678,137.337514073391,0,3
137.499002009268,137.413644713139,0,3
137.873067272571,137.488741711272,0,3
138.245334382449,137.565905784491,0,3
138.620298701649,137.639969557298,0,3
138.99346488824,137.716099988902,0,3
139.367530151542,137.791197195179,0,3
139.73979726142,137.868361268398,0,3
140.114761580621,137.942425041204,0,3
140.487927767211,138.018555472808,0,3
140.861993030514,138.093652679085,0,3
141.234260140391,138.170816752304,0,3
141.609224459592,138.24488052511,0,3
141.983289722895,138.319977523244,0,3
142.356455909485,138.396108162992,0,3
142.728723019363,138.473272236211,0,3
143.103687338564,138.547335800873,0,3
143.477752601866,138.62243300715,0,3
143.850918788456,138.698563646898,0,3
144.224084975047,138.774694286646,0,3
144.598150217535,138.84979128478,0,3
144.972215480838,138.924888491057,0,3
145.345381667428,139.001019130805,0,3
145.718547854018,139.077149562409,0,3
146.092613096506,139.152246768686,0,3
146.466678359809,139.227343974963,0,3
146.839844546399,139.303474614711,0,3
147.213010732989,139.379605046316,0,3
147.587075975478,139.454702252593,0,3
147.96114123878,139.52979945887,0,3
148.335206481269,139.604896665147,0,3
148.707473611961,139.682060530222,0,3
149.081538854449,139.757157736499,0,3
149.455604117752,139.832254942776,0,3
149.82966936024,139.907352149053,0,3
150.201936490932,139.984516014129,0,3
150.576900810133,140.058579786935,0,3
150.950066996723,140.134710426683,0,3
151.324132239211,140.209807424816,0,3
151.696399369903,140.286971498035,0,3
152.071363689104,140.361035270841,0,3
152.444529875695,140.437165910589,0,3
152.818595118183,140.512262908722,0,3
153.190862248875,140.589426981941,0,3
153.565826568076,140.663490754747,0,3
153.938992754666,140.739621186352,0,3
154.313057997154,140.814718392629,0,3
154.685325127846,140.891882465848,0,3
155.060289447047,140.965946238654,0,3
155.433455633637,141.042076670258,0,3
155.807520876126,141.117173876535,0,3
156.180687062716,141.193304516283,0,3
156.554752326018,141.26840172256,0,3
156.928817568507,141.343498720694,0,3
157.301983755097,141.419629360442,0,3
157.675149941687,141.49576000019,0,3
158.04921520499,141.570856998323,0,3
158.423280447478,141.6459542046,0,3
158.796446634068,141.722084844348,0,3
159.169612820658,141.798215484096,0,3
159.543678083961,141.87331248223,0,3
159.91774332645,141.948409688507,0,3
160.29090951304,142.024540328255,0,3
160.66407569963,142.100670759859,0,3
161.038140962933,142.175767966136,0,3
161.412206205421,142.250865172413,0,3
161.785372392011,142.326995812161,0,3
162.159437655314,142.402092810294,0,3
162.532603841904,142.478223450042,0,3
162.906669084392,142.55332065632,0,3
163.279835270982,142.629451296068,0,3
163.653900534285,142.704548294201,0,3
164.027066720875,142.780678933949,0,3
164.402031040076,142.854742706755,0,3
164.774298149954,142.93190657183,0,3
165.148363413256,143.007003778107,0,3
165.521529599847,143.083134417855,0,3
165.896493919048,143.157198190661,0,3
166.268761028925,143.234362055737,0,3
166.642826292228,143.309459262014,0,3
167.015992478818,143.385589901762,0,3
167.390956798019,143.459653674568,0,3
167.763223928711,143.536817539643,0,3
168.137289171199,143.61191474592,0,3
168.510455357789,143.688045385668,0,3
168.88541967699,143.762109158474,0,3
169.257686807682,143.83927302355,0,3
169.631752050171,143.914370229827,0,3
170.005817292659,143.989467436104,0,3
170.379882555962,144.064564434237,0,3
170.753048742552,144.140695073985,0,3
171.126214929142,144.216825713733,0,3
171.50028017163,144.29192292001,0,3
171.874345434933,144.367019918144,0,3
172.247511621523,144.443150557892,0,3
172.620677808113,144.51928119764,0,3
172.994743050602,144.594378195773,0,3
173.368808313904,144.66947540205,0,3
173.741974500495,144.745606041798,0,3
174.115140687085,144.821736681546,0,3
174.489205929573,144.89683367968,0,3
174.863271192876,144.971930885957,0,3
175.236437379466,145.048061525705,0,3
175.609603566056,145.124191957309,0,3
175.983668829359,145.199289163586,0,3
176.358633127745,145.273352936392,0,3
176.730900258437,145.350517009611,0,3
177.104965500926,145.425614007744,0,3
177.47813170833,145.501744647492,0,3
177.853096006717,145.575808420298,0,3
178.225363137409,145.652972493517,0,3
178.599428379897,145.728069491651,0,3
178.972594587302,145.804200131399,0,3
179.347558885688,145.878263904205,0,3
179.71982601638,145.95542776928,0,3
180.093891279683,146.030524975557,0,3
180.467057466273,146.106655615305,0,3
180.842021764659,146.180719388111,0,3
181.214288895351,146.257883253187,0,3
181.588354158654,146.332980459464,0,3
181.961520345244,146.409111099212,0,3
182.337383720343,146.482141438547,0,3
182.708751774323,146.560338737093,0,3
183.082817037625,146.63543594337,0,3
183.455983224216,146.711566583118,0,3
183.831846599315,146.784596922453,0,3
184.203214653294,146.862794221,0,3
184.578178972495,146.936857993806,0,3
184.950446103187,147.014022067025,0,3
185.326309478286,147.08705240636,0,3
185.697677532265,147.165249704906,0,3
186.072641851466,147.239313477712,0,3
186.444908982158,147.316477342787,0,3
186.820772357257,147.389507890266,0,3
187.192140411237,147.467705188813,0,3
187.567104730438,147.541768961619,0,3
187.93937186113,147.618932826694,0,3
188.315235236229,147.691963166029,0,3
188.686603290208,147.770160672719,0,3
189.061567609409,147.844224445525,0,3
189.433834740101,147.9213883106,0,3
189.8096981152,147.994418649935,0,3
190.181965245892,148.071582723154,0,3
190.55603048838,148.146679929432,0,3
190.929196674971,148.222810361036,0,3
191.304160994172,148.296874133842,0,3
191.676428124863,148.374038207061,0,3
192.050493367352,148.449135413338,0,3
192.423659553942,148.525265844942,0,3
192.798623873143,148.599329617748,0,3
193.170891003835,148.676493690967,0,3
193.544956246323,148.751590689101,0,3
193.918122432913,148.827721328849,0,3
194.293086752114,148.901785101655,0,3
194.665353882806,148.97894896673,0,3
195.039419125295,149.054046173007,0,3
195.412585311885,149.130176812755,0,3
195.787549631086,149.204240585561,0,3
196.159816761778,149.281404450637,0,3
196.534781060164,149.355468223443,0,3
196.907048190856,149.432632296662,0,3
197.282012510057,149.506696069468,0,3
197.654279640749,149.583859934543,0,3
198.02924395995,149.657923707349,0,3
198.40241014654,149.734054347097,0,3
198.776475389028,149.809151553374,0,3
199.14874251972,149.886315418449,0,3
199.523706838921,149.960379191256,0,3
199.896873025511,150.036509831004,0,3
200.270938268,150.111607037281,0,3
200.643205398692,150.188770902356,0,3
201.018169717893,150.262834675162,0,3
201.385941527465,150.345165707592,0,3
201.74562177151,150.436797224974,0,3
202.093614226435,150.541863169335,0,3
202.43531322763,150.654162939849,0,3
202.768021628214,150.776796836929,0,3
203.089941274763,150.911831311231,0,3
203.409163711987,151.049966294088,0,3
203.716698360092,151.201535287638,0,3
204.018838631179,151.359304882013,0,3
204.311988280841,151.527408602955,0,3
204.598844497587,151.702745941906,0,3
204.879407281416,151.885317315154,0,3
205.151878499719,152.077189173354,0,3
205.417157229207,152.277328291178,0,3
205.679738749372,152.480567709415,0,3
205.929733424519,152.698274779958,0,3
206.179728078851,152.915981642357,0,3
206.411741490333,153.154356757889,0,3
206.646452111139,153.389631781152,0,3
206.872172089705,153.635240722837,0,3
207.089800502744,153.890150357617,0,3
207.300236426968,154.153327252022,0,3
207.504378918277,154.42373797258,0,3
207.701328899956,154.702415744618,0,3
207.890187336923,154.990394417895,0,3
208.070055152465,155.288707009595,0,3
208.248124835396,155.589086468237,0,3
208.427992630124,155.887399059936,0,3
208.613254822684,156.179511258954,0,3
208.804810427346,156.464389631818,0,3
209.002659485738,156.742033970385,0,3
209.201407600028,157.018645083625,0,3
209.409146335744,157.284922278443,0,3
209.621380392579,157.546032305906,0,3
209.83810974972,157.801975374157,0,3
210.062031616489,158.04965097464,0,3
210.287751595055,158.295260124469,0,3
210.519765006538,158.533635240001,0,3
210.75357655063,158.769943488591,0,3
210.999974960556,158.991784084875,0,3
211.249969635703,159.209491155418,0,3
211.499964290035,159.427198225961,0,3
211.749958944367,159.644905296504,0,3
212.015237673856,159.845044414328,0,3
212.279617326631,160.046216965623,0,3
212.550290433137,160.240155690765,0,3
212.825458839949,160.428927456695,0,3
213.107819735575,160.609431754857,0,3
213.393776875608,160.785802735423,0,3
213.685128413473,160.955973115163,0,3
213.981874307542,161.119943102221,0,3
214.28131739012,161.280812788866,0,3
214.588852038225,161.432381990559,0,3
214.90088200745,161.578784024897,0,3
215.219205388777,161.717952233082,0,3
215.543822223834,161.849886823258,0,3
215.871136226586,161.978720904877,0,3
216.207440871577,162.097221068073,0,3
216.547341760975,162.211587705529,0,3
216.896233271799,162.315620216419,0,3
217.24872102703,162.415518993425,0,3
217.610199403686,162.505083852009,0,3
217.977971213258,162.587414884439,0,3
218.354733644255,162.659411790303,0,3
218.735991396372,162.726241736956,0,3
219.128037902526,162.780670898244,0,3
219.52637782078,162.827866025236,0,3
219.934607437173,162.863693800333,0,3
220.352726751703,162.888154223538,0,3
220.780735722743,162.901247086705,0,3
221.21863439192,162.902972389835,0,3
221.668220871031,162.891263682274,0,3
222.12769704828,162.868187206531,0,3
222.588846222147,162.820230898029,0,3
223.010785785335,162.771428693529,0,3
223.424109115171,162.709572965021,0,3
223.849519828402,162.633823852675,0,3
224.246168912123,162.524349424746,0,3
224.649452950944,162.412257589788,0,3
225.043242639771,162.311635513424,0,3
225.425711975552,162.199537434156,0,3
225.785593390483,162.08432365184,0,3
226.126340925196,161.968145539762,0,3
226.479450572174,161.837758081709,0,3
226.81559267775,161.703916478953,0,3
227.162118926823,161.558139083859,0,3
227.515567972919,161.40440435511,0,3
227.834907366089,161.26691898874,0,3
228.161976904064,161.124722497863,0,3
228.523466353965,160.976355170708,0,3
228.883386879098,160.81935612431,0,3
229.236835925193,160.665621395561,0,3
229.588307023335,160.514160220448,0,3
229.949126604366,160.35612774058,0,3
230.310616054267,160.207760205281,0,3
230.650450504196,160.055065570602,0,3
231.011939974912,159.906698035303,0,3
231.37186047923,159.749698988905,0,3
231.725309525325,159.595964260156,0,3
232.076780644282,159.444503085044,0,3
232.437600225312,159.286470605175,0,3
232.798190619315,159.139136711491,0,3
233.138924125143,158.985408435197,0,3
233.499514519145,158.838074333369,0,3
233.860334100176,158.680041853501,0,3
234.210816245156,158.529717559278,0,3
234.533122518627,158.388821966526,0,3
234.860192077417,158.246625475648,0,3
235.221681527318,158.09825794035,0,3
235.581602031636,157.941258893952,0,3
235.935051077732,157.787524165203,0,3
236.279929078473,157.643641294067,0,3
236.634686994597,157.511359312056,0,3
237.007165973947,157.381665596955,0,3
237.391597022473,157.261190774476,0,3
237.762606340785,157.156143354905,0,3
238.13382553039,157.068514024588,0,3
238.500993077987,157.019094465874,0,3
238.929415901145,156.962840300623,0,3
239.361025383537,156.902923222538,0,3
239.820196630266,156.857240259528,0,3
240.286865296329,156.825896732305,0,3
240.738249887237,156.812121157801,0,3
241.176148556414,156.813846460931,0,3
241.601460359758,156.830039624511,0,3
242.015084353169,156.859667006927,0,3
242.417919592544,156.901695174707,0,3
242.812663266391,156.953024035583,0,3
243.208306016952,157.003319462987,0,3
243.603049711614,157.054648323863,0,3
243.997793385461,157.105977184738,0,3
244.393436136022,157.156272612142,0,3
244.788179809869,157.207601473018,0,3
245.182923504531,157.258930333893,0,3
245.578566234277,157.309225761298,0,3
245.973309928939,157.360554622173,0,3
246.368053602787,157.411883483048,0,3
246.763696353347,157.462178910453,0,3
247.158440027195,157.513507771328,0,3
247.553183721857,157.564836632204,0,3
247.948826451603,157.615132059608,0,3
248.343570146265,157.666460920483,0,3
248.738313820112,157.717789781359,0,3
249.133956570673,157.768085208763,0,3
249.52870024452,157.819414069639,0,3
249.923443939182,157.870742930514,0,3
250.319086668928,157.921038357918,0,3
250.71383036359,157.972367218794,0,3
251.108574037438,158.023696079669,0,3
251.504216787998,158.073991507074,0,4
251.898960461846,158.125320367949,0,4
252.293704156508,158.176649228824,0,4
252.690245962966,158.225911222758,0,4
253.101172767868,158.258638697443,0,4
253.544465814063,158.254163816034,0,4
253.973423316758,158.220252003696,0,4
254.400517204834,158.137976753777,0,4
254.75135498414,158.014792108466,0,4
255.128015570425,157.903248940302,0,4
255.524455511357,157.768970860207,0,4
255.899703259834,157.659051629191,0,4
256.274967264334,157.555235795893,0,2
256.692616215731,157.479006704175,0,2
257.131859451582,157.436551841809,0,2
257.559842716874,157.380802841319,0,2
258.0241386072,157.329229411596,0,2
258.480018540042,157.310286877881,0,2
258.923311565422,157.305811788329,0,2
259.353118689887,157.316837784554,0,2
259.769439850992,157.3433650747,0,2
260.174972278876,157.382292942068,0,2
260.567018785029,157.436722103356,0,2
260.948276537146,157.503552050009,0,2
261.319644591125,157.581749348555,0,2
261.68382015629,157.668213906726,0,2
262.037206988233,157.767079458404,0,2
262.382502233836,157.875245495034,0,2
262.718806878827,157.993745658231,0,2
263.0497171468,158.118446214109,0,2
263.369838660737,158.255547763496,0,2
263.68276768586,158.400916364364,0,2
263.991201389864,158.551452132586,0,2
264.289745416543,158.713355252702,0,2
264.583794122104,158.880425540172,0,2
264.870650338849,159.055763087267,0,2
265.147616857457,159.242467778112,0,2
265.420987152472,159.433306410984,0,2
265.690761182266,159.628278569597,0,2
265.943453025107,159.842885339727,0,2
266.209630810494,160.04199102408,0,2
266.461423597437,160.257631227681,0,2
266.728500438721,160.455703686707,0,2
266.999173545228,160.649642411848,0,2
267.277938196446,160.834280443895,0,2
267.562097224683,161.012718083259,0,2
267.849852497327,161.187022196883,0,2
268.147497447294,161.349958750469,0,2
268.451435850992,161.505661477903,0,2
268.762566743504,161.653096945712,0,2
269.078192957136,161.79536545431,0,2
269.403708848091,161.926266402871,0,2
269.737316283759,162.04786686648,0,2
270.077217173158,162.162233295793,0,2
270.423411495473,162.269366107096,0,2
270.780394571823,162.364097924891,0,2
271.144570136988,162.450562483061,0,2
271.519534456189,162.524626255867,0,2
271.902590320103,162.589389335578,0,2
272.295535882154,162.642785063395,0,2
272.701068310037,162.681713138906,0,2
273.118288547855,162.707206787438,0,2
273.548095651505,162.718232783663,0,2
273.993186830311,162.711691035313,0,2
274.456259231153,162.684481241974,0,2
274.907518727697,162.647892077221,0,2
275.336051429914,162.591511568744,0,2
275.755967857151,162.522077744403,0,2
276.159235577506,162.40467470665,0,2
276.584925723654,162.295778710064,0,2
277.006042411538,162.181031585924,0,2
277.384346000934,162.056062316528,0,2
277.762608648464,161.932082145996,0,2
278.133809084322,161.786198597614,0,2
278.492156251225,161.631007903683,0,2
278.862454737987,161.476689123711,0,2
279.249853811605,161.32454794313,0,2
279.63967191049,161.180221934057,0,2
280.031167002353,161.05162763398,0,2
280.407121169734,160.94089643439,0,2
280.773396197144,160.844570235853,0,2
281.155875045093,160.776626512261,0,2
281.575380367707,160.718378538507,0,2
282.007504360512,160.66246156605,0,2
282.44904872904,160.614082101405,0,2
282.926506149139,160.570337788817,0,2
283.384184193777,160.549328180017,0,2
283.830174407667,160.541752998196,0,2
284.260880588029,160.551745769094,0,2
284.680798014356,160.574139325356,0,2
285.090825742545,160.607900233512,0,2
285.488266625716,160.656128793974,0,2
285.879414055157,160.711591388734,0,2
286.260671807274,160.778421127243,0,2
286.632039861253,160.856618633933,0,2
286.996215426418,160.943083192103,0,2
287.351400370158,161.03988187684,0,2
287.701190957694,161.142880954259,0,2
288.042889958889,161.255180724773,0,2
288.37739647127,161.375747754912,0,2
288.703811418123,161.505615270002,0,2
289.026630120569,161.639616518975,0,2
289.342256334201,161.781885027573,0,2
289.651589094103,161.931387362325,0,2
289.95372936519,162.0891569567,0,2
290.25227339187,162.251060076816,0,2
290.540927741226,162.424330756969,0,2
290.82868301387,162.598634662449,0,2
291.106548609191,162.784306127966,0,2
291.381717016002,162.973077893897,0,2
291.648793857287,163.171150144779,0,2
291.915870698571,163.369222603804,0,2
292.17845223955,163.572462022041,0,2
292.448226269344,163.767434180653,0,2
292.724293732054,163.955172304969,0,2
293.00665462768,164.135676811275,0,2
293.296208032934,164.307914057957,0,2
293.591155815207,164.473950911957,0,2
293.890598897785,164.634820598602,0,2
294.199032601788,164.785356366824,0,2
294.511961626911,164.930724967691,0,2
294.830285008238,165.06989338402,0,2
295.160296220313,165.19562737337,0,2
295.493004600083,165.318261062306,0,2
295.83560267799,165.429527399349,0,2
296.185393244712,165.532526476768,0,2
296.542376321062,165.627258294563,0,2
296.907450942126,165.712689627406,0,2
297.282415261326,165.786753400212,0,2
297.66547112524,165.851516479923,0,2
298.059315764004,165.90387877427,0,2
298.460352870768,165.947973808992,0,2
298.875774975975,165.975534324465,0,2
299.30288491193,165.989660621104,0,2
299.741682637006,165.990352490763,0,2
300.193067248728,165.976576916259,0,2
300.64630467241,165.937714406014,0,2
301.083233849861,165.894639899853,0,2
301.517700375124,165.831438938612,0,2
301.949409454277,165.743858730209,0,2
302.341124491588,165.629441721977,0,2
302.744295300236,165.523502614794,0,2
303.153096937145,165.414808101309,0,2
303.548422872179,165.287932443765,0,2
303.922314647708,165.156614791516,0,2
304.282841557882,165.017701767508,0,2
304.627884387619,164.873629485605,0,2
304.962058286367,164.719092987323,0,2
305.311066711507,164.547505357129,0,2
305.657108235531,164.379327953317,0,2
305.98930420714,164.227064800528,0,2
306.338962207139,164.077687768284,0,2
306.695368413225,163.943511262315,0,2
307.06749419353,163.81422342743,0,2
307.449806006159,163.696184510673,0,2
307.815870496217,163.59682087112,0,2
308.207272214816,163.521900378844,0,2
308.642281662106,163.473380209058,0,2
309.078176677583,163.408537202166,0,2
309.524006579195,163.355232016858,0,2
309.969512068035,163.32525682632,0,2
310.421795735656,163.310447610201,0,2
310.857896272222,163.314239988417,0,2
311.278712775261,163.335600111209,0,2
311.686043314941,163.372461111634,0,2
312.080787009603,163.423789972509,0,2
312.462943838433,163.489586485691,0,2
312.836109900137,163.565717125439,0,2
313.197588484937,163.655281984023,0,2
313.550076094467,163.755180761029,0,2
313.893573353159,163.865413872745,0,2
314.228978817366,163.984947261268,0,2
314.553595777309,164.116881851444,0,2
314.872818068833,164.255016626158,0,2
315.182150828735,164.404518960909,0,2
315.486089336504,164.560221688343,0,4
315.781037077148,164.726258542342,0,4
316.07059056566,164.898495789024,0,4
316.373629892646,165.055231949929,0,4
316.69285218417,165.193366724643,0,4
317.023762577029,165.318067280521,0,4
317.378048339985,165.415899398729,0,4
317.748517483766,165.495130130746,0,4
318.142361997644,165.547492425093,0,4
318.552389684204,165.581253333249,0,4
318.96781183104,165.608813848723,0,4
319.381435824451,165.638441231138,0,4
319.79416084522,165.669102047025,0,4
320.207784838631,165.698729429441,0,4
320.620509651257,165.729390037184,0,4
321.034133644668,165.759017419599,0,4
321.446858665438,165.789678235486,0,4
321.862280812273,165.81723875096,0,4
322.275904805684,165.846866133376,0,4
322.689528799094,165.876493515791,0,4
323.102253611721,165.907154123534,0,4
323.514978632491,165.937814939421,0,4
323.928602625901,165.967442321837,0,4
324.342226619312,165.997069704252,0,4
324.754951431938,166.027730520139,0,4
325.168575425348,166.057357694411,0,4
325.583997572184,166.084918209885,0,4
325.996722592954,166.115579025772,0,4
326.410346586365,166.145206408187,0,4
326.823071398991,166.175867224074,0,4
327.236695392401,166.20549460649,0,4
327.649420413171,166.236155214233,0,4
328.063044406582,166.265782596649,0,4
328.478466553417,166.293343112122,0,4
328.892090546828,166.322970494538,0,4
329.304815359454,166.353631310425,0,4
329.717540380224,166.384291918168,0,4
330.131164373635,166.413919300584,0,4
330.544788367045,166.443546682999,0,4
330.957513179671,166.474207498886,0,4
331.370238200441,166.504868314773,0,4
331.785660347277,166.532428830246,0,4
332.199284340687,166.562056004518,0,4
332.612908125954,166.591683386934,0,4
333.025633146724,166.622344202821,0,4
333.439257140135,166.651971585237,0,4
333.851982160905,166.682632401123,0,4
334.265606154315,166.712259575395,0,4
334.679230147726,166.741886957811,0,4
335.094652086418,166.769447473285,0,4
335.507377107188,166.800108289171,0,4
335.920101919814,166.830769105058,0,4
336.333725913224,166.860396487474,0,4
336.753643339551,166.882789835593,0,3
337.178056253513,166.900016432644,0,3
337.606964238821,166.91207586234,0,3
338.037670377555,166.922068425095,0,3
338.466578362864,166.934128062935,0,3
338.897284709742,166.944120625689,0,3
339.327990848476,166.954113396587,0,3
339.756898833785,166.966172826283,0,3
340.186705999878,166.977198822509,0,3
340.616512957827,166.988224818734,0,3
341.046320123921,166.999251023103,0,3
341.477026262655,167.009243585857,0,3
341.905934456107,167.021303015554,0,3
342.337539567482,167.030262352981,0,3
342.766447552791,167.042321782677,0,3
343.197153899668,167.052314345431,0,3
343.626061884977,167.064373983271,0,3
344.056768023711,167.074366546026,0,3
344.486575189804,167.085392542251,0,3
344.915483175113,167.097452180091,0,3
345.346189313847,167.107444742845,0,3
345.77599647994,167.118470739071,0,3
346.205803646033,167.12949694344,0,3
346.636509784767,167.139489506194,0,3
347.065417770076,167.15154893589,0,3
347.497023089595,167.160508273317,0,3
347.925931074903,167.172567703014,0,3
348.356637213637,167.182560265768,0,3
348.78554540709,167.194619903608,0,3
349.215352365039,167.205645899833,0,3
349.646058503773,167.215638462588,0,3
350.074966697226,167.227698100428,0,3
350.50567283596,167.237690663182,0,3
350.935480002053,167.248716659407,0,3
351.365286960003,167.259742863776,0,3
351.79599330688,167.269735426531,0,3
352.224901292189,167.281794856227,0,3
352.656506403564,167.290754193654,0,3
353.085414597016,167.30281362335,0,3
353.514322582325,167.314873053047,0,3
353.945028721059,167.324865823945,0,3
354.374835887152,167.33589182017,0,3
354.805542025886,167.345884382924,0,3
355.242541597536,167.348643327669,0,3
355.693926188444,167.334867545022,0,3
356.160594979394,167.303524017799,0,3
356.601040369999,167.25640777727,0,3
357.012166014577,167.19707828885,0,3
357.437576769437,167.121329176504,0,3
357.84433118817,166.991593416376,0,3
358.231252842582,166.891650096618,0,3
358.611555943618,166.782042248578,0,3
358.9684938736,166.67021142582,0,3
359.314186423897,166.548349741867,0,3
359.661744774322,166.4055598333,0,3
360.014243623612,166.267526424568,0,3
360.363160319823,166.100218228848,0,3
360.682756645576,165.939480505309,0,3
360.982583482694,165.778509244539,0,3
361.274755418954,165.603379424857,0,3
361.575676259359,165.387583737911,0,3
361.896693165866,165.179298916384,0,3
362.203324844971,164.964591612847,0,3
362.507664029363,164.716808193927,0,3
362.770801584609,164.503628873292,0,3
363.061632451008,164.253516742655,0,3
363.33632427119,163.988795005708,0,3
363.637810846172,163.734087270317,0,3
363.918857501661,163.505424347975,0,3
364.225978526606,163.276380314519,0,3
364.59080614354,163.058296087591,0,3
364.901138201345,162.858466271306,0,3
365.265026465761,162.692732682677,0,3
365.625669769892,162.526554707249,0,3
365.979671416697,162.376358837689,0,3
366.347341027713,162.248661012528,0,3
366.696403008227,162.129989963354,0,3
367.052976894877,162.048598491586,0,3
367.475076083468,162.011974566835,0,3
367.900641905385,161.959004076597,0,3
368.353969309589,161.920038327077,0,3
368.800858621006,161.911429711784,0,3
369.228867633674,161.924522574952,0,3
369.63799613945,161.959316916579,0,3
370.031840861471,162.011679210925,0,3
370.413098509516,162.078509157578,0,3
370.795255338346,162.14430567076,0,3
371.177412167175,162.210102183942,0,3
371.558670023364,162.276932130594,0,3
371.93992767141,162.343762077247,0,3
372.321185527599,162.4105920239,0,3
372.702443175644,162.477421762409,0,3
373.085498977114,162.542185050264,0,3
373.466756833303,162.609014996917,0,3
373.846216536067,162.677911602368,0,3
374.229272337537,162.742674682079,0,3
374.611429166367,162.80847119526,0,3
374.991787841772,162.876334575384,0,3
375.373045489817,162.943164522037,0,3
375.755202318647,163.008961035219,0,3
376.137359147476,163.074757548401,0,3
376.518617003665,163.141587495054,0,3
376.89897567907,163.209450875177,0,3
377.281132507899,163.275247388359,0,3
377.66418830937,163.34001046807,0,3
378.043648012134,163.408907281665,0,3
378.424905660179,163.475737020174,0,3
378.807961461649,163.540500308029,0,3
379.189219317838,163.607330046538,0,3
379.570476965884,163.674159993191,0,3
379.951734822073,163.740989939843,0,3
380.332992470118,163.807819886496,0,3
380.715149298947,163.873616399678,0,3
381.097306127777,163.93941291286,0,3
381.476765830541,164.008309726455,0,3
381.859821632011,164.073072806166,0,3
382.241978460841,164.138869319347,0,3
382.622337136246,164.206732699471,0,3
383.003594992435,164.273562646124,0,3
383.385751821264,164.339359159306,0,3
383.76790844195,164.405155672488,0,3
384.149166298139,164.471985619141,0,3
384.529524973544,164.539848791121,0,3
384.911681802373,164.605645304302,0,3
385.294737603844,164.670408592157,0,3
385.674197306608,164.739305197608,0,3
386.055454954653,164.806135144261,0,3
386.438510964267,164.870898223972,0,3
386.818869639671,164.938761604096,0,3
387.201026468501,165.004558117278,0,3
387.582284116546,165.07138806393,0,3
387.963541972735,165.138218010583,0,3
388.345698801565,165.204014523765,0,3
388.727855422251,165.269811036947,0,3
389.107315125015,165.338707642398,0,3
389.490370926485,165.403470930253,0,3
389.872527755315,165.469267443434,0,3
390.252886430719,165.537130615414,0,3
390.634144286908,165.603960562067,0,3
391.016301115738,165.669757075249,0,3
391.398457944568,165.735553588431,0,3
391.779715592613,165.802383535084,0,3
392.159175295377,165.871280348679,0,3
392.542231096847,165.936043428389,0,3
392.924387925677,166.001839941571,0,3
393.304746601081,166.069703321695,0,3
393.68600445727,166.136533268348,0,3
394.069060258741,166.201296348059,0,3
394.449418934145,166.269159728183,0,3
394.831575762975,166.334956241364,0,3
395.21283341102,166.401785979874,0,3
395.594091267209,166.468615926526,0,3
395.976248096039,166.534412439708,0,3
396.358404924869,166.60020895289,0,3
396.737864419489,166.669105766485,0,3
397.120920429103,166.733868846196,0,3
397.503077257932,166.799665359378,0,3
397.883435933337,166.867528739501,0,3
398.264693581382,166.934358686154,0,3
398.645951437571,167.001188632807,0,3
399.029007239042,167.065951712518,0,3
399.410265095231,167.132781659171,0,3
399.789724589851,167.201678264622,0,3
400.17098244604,167.268508211275,0,3
400.531561641911,167.359106503329,0,3
400.871462593753,167.473473140785,0,3
401.188886939995,167.613674782441,0,3
401.485632834065,167.777644769499,0,3
401.763498429385,167.963316235017,0,3
402.017089265682,168.176889571676,0,3
402.267084003272,168.394596642219,0,3
402.490106855772,168.643305884317,0,3
402.696946535589,168.910616304462,0,3
402.883107763233,169.201695070008,0,3
403.048590538703,169.516542180957,0,3
403.191596708574,169.857224296105,0,3
403.304933867289,170.232008883221,0,3
403.389501195633,170.639862508833,0,3
403.425933420037,171.080086434542,0,3
403.459349434082,171.533615946279,0,3
403.412233817983,171.916992705335,0,3
403.310489014501,172.271360685052,0,3
403.205437223912,172.628313393236,0,3
403.058297736444,172.985687800558,0,3
402.846704678948,173.352866816872,0,3
402.629738183689,173.671124986777,0,3
402.420642018019,173.911465395126,0,3
402.203068992019,174.161549426363,0,3
401.881000959827,174.406521656469,0,3
401.558156759777,174.650299141737,0,3
401.226445638103,174.8249620951,0,3
400.881732403916,174.968655555469,0,3
400.510273328696,175.091055290887,0,3
400.079412122906,175.22510545363,0,3
399.657297947968,175.297065518059,0,3
399.23738156236,175.366499550544,0,3
398.815267387422,175.438459614973,0,3
398.395351001814,175.507893439314,0,3
397.974335617469,175.578590487771,0,3
397.553320441268,175.649287536228,0,3
397.133403847516,175.718721360569,0,3
396.712388671315,175.789418409026,0,3
396.29137328697,175.860115457483,0,3
395.871456901362,175.929549281824,0,3
395.450441517017,176.000246330281,0,3
395.029426340816,176.070943378738,0,3
394.609509747064,176.140377203079,0,3
394.188494570863,176.211074251536,0,3
393.767479186518,176.281771299993,0,3
393.34756280091,176.351205124334,0,3
392.925448625973,176.423165188763,0,3
392.505532240364,176.492599221248,0,3
392.08451685602,176.563296061561,0,3
391.663501679819,176.633993110018,0,3
391.24358529421,176.703427142503,0,3
390.817860866794,176.741970568456,0,3
390.456634344016,176.82130349903,0,3
390.062730092896,176.9587888654,0,3
389.683212942471,177.124120944831,0,3
389.349419134934,177.31495208453,0,3
389.01397558043,177.536758337103,0,3
388.734682743758,177.773608591888,0,3
388.421612763721,178.083718352222,0,3
388.076829801394,178.392018303084,0,3
387.750772695189,178.636706208896,0,3
387.415079576389,178.87716505101,0,3
387.085346236154,179.049554450736,0,3
386.766267771926,179.207610034556,0,3
386.39031591494,179.343382794561,0,3
386.001394624001,179.462896617577,0,3
385.616920531358,179.584951458884,0,3
385.168903289231,179.668319463228,0,3
384.720340918753,179.701808327568,0,3
384.278846067611,179.704216342034,0,3
383.867020227626,179.67252230082,0,3
383.477670785096,179.614993047263,0,3
383.110798156308,179.531628581361,0,3
382.760108492059,179.429662937413,0,3
382.427400153918,179.307029040333,0,3
382.109076626891,179.167860832148,0,3
381.806037299906,179.011124671243,0,3
381.517382992178,178.837853991091,0,3
381.240416577642,178.651149300246,0,3
380.973339694729,178.45307684122,0,3
380.708959937881,178.251904289926,0,3
380.431094342561,178.066232824408,0,3
380.143339215617,177.891928710784,0,3
379.842097833914,177.733125891081,0,3
379.530967128731,177.585690423272,0,3
379.206350168787,177.453755833097,0,3
378.868247370371,177.337322536842,0,3
378.515759760841,177.237423759836,0,3
378.148886923909,177.154059293935,0,3
377.764931941655,177.090329647695,0,3
377.363894814076,177.046234612973,0,3
376.940381289043,177.027974582451,0,3
376.494390950267,177.035549764272,0,3
376.057641567344,177.078417791882,0,3
375.648593613181,177.107810596348,0,3
375.301129343709,177.167428988223,0,3
374.927294516296,177.275724282091,0,3
374.560113626689,177.399328336958,0,3
374.194580818898,177.521037867866,0,3
373.808737140709,177.643136627493,0,3
373.418026230236,177.764707326554,0,3
373.004609547951,177.878706798523,0,3
372.593478075349,177.983957158202,0,3
372.17332482221,178.093838298921,0,3
371.710047316566,178.207373402295,0,3
371.244624890093,178.319721462148,0,3
370.816558013476,178.419393778808,0,3
370.394443838538,178.491353843237,0,3
369.978922823445,178.55573560369,0,3
369.549291330635,178.613379128139,0,3
369.10148348107,178.668957867083,0,3
368.66455426199,178.712032373243,0,3
368.208349895563,178.754305109871,0,3
367.747075773033,178.779448244412,0,3
367.29029672185,178.799424419741,0,3
366.841609257008,178.810099693832,0,3
366.397417071657,178.815608216855,0,3
365.963114834216,178.809749179841,0,3
365.534206640764,178.797689750145,0,3
365.109793934946,178.780463153094,0,3
364.69437178811,178.75290263762,0,3
364.282545948125,178.721208596406,0,3
363.876114568415,178.683313954366,0,3
363.475077440837,178.639218919644,0,3
363.075838466684,178.59305701798,0,3
362.674801339106,178.548961983257,0,3
362.276461337593,178.501766856266,0,3
361.87722236344,178.455604954602,0,3
361.476185235862,178.41150991988,0,3
361.07784523435,178.364314792888,0,3
360.678606260196,178.318152891224,0,3
360.277569132618,178.274057856502,0,3
359.878330158465,178.227896162981,0,3
359.479990156953,178.180700827846,0,3
359.078953237518,178.136605793124,0,3
358.679714055222,178.090444099604,0,3
358.281374261853,178.043248764468,0,3
357.880337134275,177.999153729746,0,3
357.481098160122,177.952992036226,0,3
357.081859185969,177.906830134562,0,3
356.682620211816,177.860668232898,0,3
356.281583084237,177.816573198175,0,3
355.883243082725,177.769378071184,0,3
355.484004108572,177.72321616952,0,3
355.083865953634,177.678087701327,0,3
354.686425132906,177.629859140864,0,3
354.285388005328,177.585764106142,0,3
353.886149031175,177.539602412622,0,3
353.486910057022,177.493440510957,0,3
353.087671082869,177.447278609293,0,3
352.686633955291,177.403183574571,0,3
352.288293953779,177.35598844758,0,3
351.889054979625,177.309826545916,0,3
351.488017852047,177.265731511193,0,3
351.089678058679,177.218536384202,0,3
350.690438876382,177.172374482538,0,3
350.289401748804,177.128279447816,0,3
349.890162774651,177.082117754295,0,3
349.491822981282,177.03492241916,0,3
349.090785853704,176.990827384438,0,3
348.691546879551,176.944665690917,0,3
348.293206878038,176.897470355782,0,3
347.89216975046,176.85337532106,0,3
347.492930776307,176.807213419396,0,3
347.093691802154,176.761051725875,0,3
346.694452828001,176.714889824211,0,3
346.293415700423,176.670794789489,0,3
345.89507569891,176.623599662498,0,3
345.495836724757,176.577437760834,0,3
345.094799597179,176.533342726111,0,3
344.696459595667,176.48614759912,0,3
344.297220621514,176.439985697456,0,3
343.896183493935,176.395890662734,0,3
343.496944519782,176.349728969213,0,3
343.098604726414,176.302533634078,0,3
342.697567598835,176.258438599356,0,3
342.298328624682,176.212276697692,0,3
341.89998862317,176.1650815707,0,3
341.498951495592,176.120986535978,0,3
341.101510674864,176.072757975516,0,3
340.702271700711,176.026596073852,0,3
340.301234573133,175.982501039129,0,3
339.90199559898,175.936339345609,0,3
339.503655597467,175.889144010474,0,3
339.102618469889,175.845048975752,0,3
338.703379495736,175.798887074087,0,3
338.305039494224,175.751691947096,0,3
337.904002366645,175.707596912374,0,3
337.504763392492,175.66143501071,0,3
337.105524418339,175.615273317189,0,3
336.706285444186,175.569111415525,0,3
336.305248316608,175.525016380803,0,3
335.906908315096,175.477821253811,0,3
335.507669340943,175.431659352147,0,3
335.106632213364,175.387564317425,0,3
334.708292419996,175.340369190434,0,3
334.309053445843,175.29420728877,0,3
333.908016318264,175.250112254047,0,3
333.508777344111,175.203950352383,0,3
333.110437342599,175.156755225392,0,3
332.709400215021,175.11266019067,0,3
332.310161240868,175.066498289006,0,3
331.911821239355,175.019303162014,0,3
331.510784111777,174.975208127292,0,3
331.111545137624,174.929046225628,0,3
330.712306163471,174.882884532107,0,3
330.313067189318,174.836722630443,0,3
329.91203006174,174.792627595721,0,3
329.513690060227,174.74543246873,0,3
329.114451086074,174.699270567065,0,3
328.713413958496,174.655175532343,0,3
328.315074165127,174.607980405352,0,3
327.915834982831,174.561818503688,0,3
327.50850463048,174.524957295119,0,3
327.084091716519,174.507730906211,0,3
326.634505279036,174.519439613773,0,3
326.187111843578,174.551585118672,0,3
325.719399420116,174.607085387441,0,3
325.283822302512,174.654727815244,0,3
324.903613490572,174.764227428561,0,3
324.523685048195,174.897186085741,0,3
324.138758451148,175.046485480385,0,3
323.786736667219,175.201130213391,0,3
323.477818113281,175.370001152011,0,3
323.152965950956,175.557186238515,0,3
322.799066710852,175.736946631094,0,3
322.445256139964,175.895270720286,0,3
322.079816164264,176.03565677726,0,3
321.698917147814,176.152071756869,0,3
321.347069372018,176.268486736478,0,3
320.919965160014,176.358704541849,0,3
320.493630038982,176.412559018381,0,3
320.061250841187,176.427446496531,0,3
319.633242036663,176.414353633363,0,3
319.230406755659,176.372325465583,0,3
318.846451773404,176.3085956112,0,3
318.483175243323,176.221097619558,0,3
318.1342837325,176.117065108668,0,3
317.802474366999,175.993397986261,0,3
317.483252075475,175.855263003403,0,3
317.179313567705,175.699560275969,0,3
316.887062953127,175.5304233297,0,3
316.608298385166,175.345785297654,0,3
316.337625195402,175.151846572512,0,3
316.083135178322,174.93930646118,0,3
315.833140648875,174.721599598781,0,3
315.578650631794,174.509059487449,0,3
315.304381343324,174.319254288048,0,3
315.011231547962,174.15115077525,0,3
314.703696941485,173.999581573556,0,3
314.377282036261,173.869714058466,0,3
314.028390525437,173.765681547576,0,3
313.659719743224,173.684383948617,0,3
313.263177895137,173.635121954684,0,3
312.83966416196,173.616861924162,0,3
312.396136579444,173.644563769208,0,3
311.951295693437,173.696732281769,0,3
311.502498869895,173.75344769346,0,3
311.075284799647,173.808312499512,0,3
310.64840038739,173.862798484031,0,3
310.199603584663,173.919514103865,0,3
309.77227961454,173.974505253143,0,3
309.345505081343,174.028864894436,0,3
308.917411916177,174.084740238152,0,3
308.490417624861,174.139352357753,0,3
308.04162080132,174.196067977587,0,3
307.613307878035,174.252195799612,0,3
307.186533344838,174.306555440905,0,3
306.758440179672,174.362430784621,0,3
306.331445888356,174.417043112366,0,3
305.882649064814,174.473758524056,0,3
305.45433614153,174.529886554224,0,3
305.027561608333,174.584246195517,0,3
304.599468443167,174.640121539234,0,3
304.172474151851,174.694733658834,0,3
303.723677328309,174.751449278668,0,3
303.295364405024,174.807577100693,0,3
302.868589871827,174.861936741986,0,3
302.440496706661,174.917812085702,0,3
302.013502415345,174.972424413447,0,3
301.564705591804,175.029139825137,0,3
301.136392668519,175.085267855306,0,3
300.709618135322,175.139627496598,0,3
300.281524970156,175.195502840315,0,3
299.85453067884,175.250114959916,0,3
299.405733855298,175.306830579749,0,3
298.977420932014,175.362958401774,0,3
298.550646398817,175.417318043067,0,3
298.12255323365,175.473193386783,0,3
297.695558942335,175.527805714528,0,3
297.24775109277,175.583384453472,0,3
296.796976342089,175.642373418798,0,3
296.349168513338,175.697952157742,0,3
295.921075348172,175.753827501459,0,3
295.494081036042,175.80843962106,0,3
295.045284233315,175.865155240894,0,3
294.61697131003,175.921283062919,0,3
294.190196776833,175.975642704211,0,3
293.762103611667,176.031518047928,0,3
293.335109299537,176.086130375672,0,3
292.886312496809,176.142845787362,0,3
292.457999573525,176.198973817531,0,3
292.031225040327,176.253333458824,0,3
291.603131875161,176.30920880254,0,3
291.176137563031,176.363820922141,0,3
290.727340760304,176.420536541975,0,3
290.299027837019,176.476664364,0,3
289.872253303822,176.531024005292,0,3
289.444160138656,176.586899349009,0,3
289.017165826526,176.641511676753,0,3
288.568369023799,176.698227088444,0,3
288.140056100514,176.754355118612,0,3
287.713281567317,176.808714759905,0,3
287.285188402151,176.864590103621,0,3
286.858194110835,176.919202223222,0,3
286.409397287293,176.975917843056,0,3
285.981084364009,177.032045665081,0,3
285.554309830811,177.086405306373,0,3
285.126216665645,177.14228065009,0,3
284.69922237433,177.196892977835,0,3
284.250425550788,177.253608389525,0,3
283.799650800107,177.312597354851,0,3
283.35085399738,177.369312974685,0,3
282.923639927131,177.424177780738,0,3
282.49675549406,177.478663765256,0,3
282.048947665309,177.5342425042,0,3
281.620634742025,177.590370326225,0,3
281.193860208828,177.644729967518,0,3
280.765767043662,177.700605311234,0,3
280.338772731532,177.755217638979,0,3
279.889975928804,177.811933050669,0,3
279.461663005519,177.868061080838,0,3
279.034888472322,177.92242072213,0,3
278.606795307156,177.978296065847,0,3
278.179800995026,178.032908185448,0,3
277.731004192299,178.089623805281,0,3
277.302691269014,178.145751627306,0,3
276.875916735817,178.200111268599,0,3
276.447823570651,178.255986612316,0,3
276.020829258521,178.31059894006,0,3
275.572032455793,178.36731435175,0,3
275.143719532509,178.423442381919,0,3
274.716944999312,178.477802023211,0,3
274.288851834146,178.533677366928,0,3
273.861857522015,178.588289486529,0,3
273.413060719288,178.645005106363,0,3
272.984747796003,178.701132928388,0,3
272.557973262806,178.75549256968,0,3
272.12988009764,178.811367913397,0,3
271.70288578551,178.865980241141,0,3
271.254088982783,178.922695652831,0,3
270.825776059498,178.978823683,0,3
270.399001526301,179.033183324293,0,3
269.970908361135,179.089058668009,0,3
269.544903022981,179.142534114864,0,3
269.096106220254,179.199249526554,0,3
268.645331469573,179.25823849188,0,3
268.197523620008,179.313817230824,0,3
267.769430475656,179.369692574541,0,3
267.342436163526,179.424304902285,0,3
266.893639360799,179.481020313976,0,3
266.4653264167,179.537148344144,0,3
266.038551883503,179.591507985437,0,3
265.610458739151,179.647383329153,0,3
265.183464427021,179.701995448754,0,3
264.734667624294,179.758711068588,0,3
264.306354680195,179.814838890613,0,3
263.879580146997,179.869198531906,0,3
263.451487002646,179.925073875622,0,3
263.024492690516,179.979686203367,0,3
262.575695887788,180.036401615057,0,3
262.147382943689,180.092529645225,0,3
261.720608410492,180.146889286518,0,3
261.29251526614,180.202764630235,0,3
260.86552095401,180.257376749835,0,3
260.416724151283,180.314092369669,0,3
259.988411207184,180.370220191694,0,3
259.561636673987,180.424579832987,0,3
259.11086194412,180.483568798313,0,3
258.666020995671,180.535737310875,0,3
258.206849769757,180.581420273885,0,3
257.752623372097,180.621419456877,0,3
257.304330797483,180.654598395247,0,3
256.848450864642,180.673540928962,0,3
256.397066273734,180.687316711609,0,3
255.952874171641,180.692825026489,0,3
255.518571746871,180.686965989475,0,3
255.087865566508,180.67697342672,0,3
254.665250951672,180.657679962727,0,3
254.248929790567,180.631152880724,0,3
253.838902041564,180.597391972568,0,3
253.43336961368,180.558463897057,0,3
253.034130618713,180.512302203537,0,3
252.641185056662,180.45890647572,0,3
252.25273481573,180.400343788691,0,3
251.868779875104,180.336614142451,0,3
251.488421199699,180.268750762327,0,3
251.1125578246,180.195720422992,0,3
250.744785994214,180.113389390562,0,3
250.379711373151,180.027958265862,0,3
250.015535807986,179.941493499548,0,3
249.660350864246,179.844694814811,0,3
249.308762164913,179.743762604334,0,3
248.960769730802,179.638696659974,0,3
248.615474464386,179.530530623343,0,3
248.274674519089,179.417197419358,0,3
247.938369874098,179.298697256162,0,3
247.605661494328,179.176063567225,0,3
247.274751226355,179.051363011347,0,3
246.95103346801,178.9183949877,0,3
246.629113821462,178.783360513399,0,3
246.307194174914,178.648325830954,0,3
245.994265149791,178.502957021943,0,3
245.679538012871,178.359655288018,0,3
245.36391179924,178.21738677942,0,3
245.047386550524,178.076151704293,0,3
244.726365959874,177.940083588377,0,3
244.404446313326,177.805048905932,0,3
244.076233233861,177.67724804964,0,3
243.748020175211,177.549447401493,0,3
243.413513662831,177.428880371354,0,3
243.079906206349,177.307279907745,0,3
242.740904372848,177.191880044961,0,3
242.398306315755,177.080613707918,0,3
242.053910105237,176.971414237817,0,3
241.705018594413,176.867381726927,0,3
241.352530839183,176.767482741777,0,3
241.000043083952,176.667583964771,0,3
240.639463763194,176.576985672717,0,3
240.27708633064,176.488454247604,0,3
239.911112632864,176.404056348232,0,3
239.541542690681,176.323792182744,0,3
239.168376504091,176.24766175114,0,3
238.789815940483,176.177731504074,0,3
238.409457265078,176.10986812395,0,3
238.024603268554,176.047171911181,0,3
237.633455818299,175.991709524565,0,3
237.24140933296,175.937280363277,0,3
236.843069393891,175.890085236286,0,3
236.440234154517,175.848056860362,0,3
236.033802670735,175.810162426465,0,3
235.621976809935,175.778468177108,0,3
235.203857495405,175.754007962047,0,3
234.781242880569,175.734714498054,0,3
234.355931098038,175.718521542617,0,3
233.922527729167,175.711629072132,0,3
233.482830927379,175.7119704278,0,3
233.037739769387,175.718512176151,0,3
232.586355157665,175.732287958798,0,3
232.131374322351,175.750197267186,0,3
231.670999089203,175.774306968255,0,3
231.21973959266,175.810895924865,0,3
230.758590418792,175.858852233367,0,3
230.296452291763,175.90794542276,0,3
229.847655468221,175.964661042594,0,3
229.414177937749,176.026725331089,0,3
228.998656901841,176.091107091542,0,3
228.592254204333,176.150109586208,0,3
228.190270605722,176.212960449747,0,3
227.750936785733,176.293234606132,0,3
227.35155406754,176.37404889542,0,3
226.97349146692,176.450690736096,0,3
226.605385711596,176.546278857073,0,3
226.240734038531,176.644018559477,0,3
225.871843935301,176.746630073327,0,3
225.494476950927,176.858985210065,0,3
225.111458740209,176.977836095396,0,3
224.722082842614,177.10399448975,0,3
224.352782696295,177.230034450339,0,3
224.006266188347,177.352843604415,0,3
223.640644524012,177.492314869827,0,3
223.2755404298,177.623003719958,0,3
222.921388898717,177.773371724358,0,3
222.567387189469,177.923567593918,0,3
222.205897739569,178.071934921072,0,3
221.866151417682,178.228702511676,0,3
221.515975993258,178.397457514255,0,3
221.149848394031,178.569939329784,0,3
220.810563734871,178.732900860615,0,3
220.507688758151,178.894825211388,0,3
220.210334439232,179.052954478077,0,3
219.891388729057,179.23335074966,0,3
219.568412316129,179.400524484549,0,3
219.271295489172,179.58133808425,0,3
218.924429820167,179.750462750041,0,3
218.60025603979,179.944010581313,0,3
218.31311416663,180.145498678458,0,3
218.010161781269,180.334550397665,0,3
217.717815233259,180.532838077276,0,3
217.413381301855,180.745019140725,0,3
217.095761113204,180.972357020272,0,3
216.766053520345,181.213588283657,0,3
216.435247095263,181.456082771157,0,3
216.113231494469,181.688472714593,0,3
215.821238832379,181.894005876405,0,3
215.537710583625,182.082157582253,0,3
215.206147951667,182.294911665308,0,3
214.906138530896,182.498181056238,0,3
214.598632669064,182.702414568786,0,3
214.279026560557,182.886120741487,0,3
213.973018771379,183.054196779317,0,3
213.641802032621,183.228291292235,0,3
213.291804633505,183.401015595175,0,3
212.947741036619,183.566919653494,0,3
212.621478888056,183.712362145375,0,3
212.265887065011,183.868559630384,0,3
211.901239450749,184.012209172432,0,3
211.540712561389,184.15112219644,0,3
211.192547742665,184.275825874475,0,3
210.824542687263,184.40037719132,0,3
210.440111638737,184.5208520138,0,3
210.053262584847,184.637984048455,0,3
209.646315258534,184.744547170451,0,3
209.248217890133,184.843998854789,0,3
208.867851097124,184.950619216302,0,3
208.43254689754,185.041272042006,0,3
207.977071346278,185.148046638001,0,3
207.559352604299,185.214954430398,0,3
207.130270485971,185.271966655005,0,3
206.685429558335,185.324135167566,0,3
206.257401084231,185.356978994579,0,3
205.807759904956,185.391707770941,0,3
205.351879992928,185.410650512799,0,3
204.903192569715,185.42132578689,0,3
204.467092033149,185.417533616818,0,3
204.035486796888,185.408574487535,0,3
203.61377123795,185.388247798214,0,3
203.199248188642,185.359653849269,0,3
202.79281670486,185.32175920723,0,3
202.393577709892,185.275597305565,0,3
201.99883401523,185.22426844469,0,3
201.611282830197,185.16467232419,0,3
201.230025098894,185.097842377538,0,3
200.855060779693,185.023778812875,0,3
200.485490837511,184.943514439243,0,3
200.121315272346,184.857049881073,0,3
199.760735951588,184.766451589018,0,3
199.410046328968,184.66448594507,0,3
199.060255741432,184.561486867651,0,3
198.716758607626,184.451253964079,0,3
198.37775679494,184.335854101296,0,3
198.043250282559,184.215287071157,0,3
197.714138147197,184.088519648337,0,3
197.386824123631,183.959685358574,0,3
197.06850072149,183.820517150389,0,3
196.751076396061,183.680315508733,0,3
196.439046447651,183.533913474395,0,3
196.132410855444,183.38131083923,0,3
195.828472472561,183.225608111797,0,3
195.525433124761,183.068871950892,0,3
195.231384419201,182.901801871565,0,3
194.940032881336,182.731631283682,0,3
194.650479496895,182.559394245144,0,3
194.369916713066,182.376822871895,0,3
194.086656740727,182.19735179906,0,3
193.811488333916,182.00858003313,0,3
193.539017115613,181.81670817493,0,3
193.270142162532,181.620702582847,0,3
193.005762488942,181.419530031552,0,3
192.744080024676,181.215257387988,0,3
192.492287237733,180.999617184387,0,3
192.232402885262,180.793277465737,0,3
191.981509175032,180.576603828665,0,3
191.744101365717,180.344429105815,0,3
191.494106711385,180.126722243415,0,3
191.258497034681,179.892480653624,0,3
191.021988322894,179.659272497303,0,3
190.791773023208,179.418830514829,0,3
190.564254912031,179.175288440086,0,3
190.340333066076,178.927612631459,0,3
190.121805576325,178.673736430149,0,3
189.904177142471,178.418826795369,0,3
189.693741218247,178.155650109108,0,3
189.477910937818,177.898673607386,0,3
189.258484392169,177.645830839548,0,3
189.030966280992,177.402288556661,0,3
188.795356604288,177.168047175013,0,3
188.560646004297,176.93277215175,0,3
188.310651349965,176.715065081207,0,3
188.060656674818,176.497358218807,0,3
187.80167139906,176.289985066686,0,3
187.537291746285,176.088812515392,0,3
187.26571958388,175.895907223721,0,3
186.990551177069,175.707135665934,0,3
186.705493092934,175.529731251898,0,3
186.415939687679,175.357494213359,0,3
186.118294716898,175.194557451629,0,3
185.815255389912,175.037821290724,0,3
185.506821685909,174.887285730646,0,3
185.188498283768,174.748117314317,0,3
184.864780525424,174.615149498814,0,3
184.532971201552,174.491482376407,0,3
184.193070312154,174.377115738951,0,3
183.846875989839,174.269983135791,0,3
183.489892913488,174.175251317997,0,3
183.124818292425,174.089819985153,0,3
182.752551161733,174.012656120078,0,3
182.367697165209,173.949959699165,0,3
181.972953491361,173.89863083829,0,3
181.570118251987,173.85660267051,0,3
181.151998937456,173.832142455449,0,3
180.722191833806,173.82111625108,0,3
180.277999731713,173.826624774103,0,3
179.815826386769,173.852801342115,0,3
179.364566890225,173.889390298724,0,3
178.934935334972,173.947033823173,0,3
178.504316012975,173.991203789627,0,3
178.128548383978,174.050989945325,0,3
177.770951387784,174.137089003158,0,3
177.407939262645,174.236476162949,0,3
177.058116496093,174.356021831951,0,3
176.688481571447,174.485978640689,0,3
176.323833957185,174.629627974593,0,3
175.959343200014,174.791880359838,0,3
175.612209712511,174.945080575565,0,3
175.292413485548,175.123903697062,0,3
174.934622874084,175.285179263921,0,3
174.654653320614,175.460057646014,0,3
174.346865986057,175.654666802014,0,3
173.998956268252,175.890036738803,0,3
173.619728604086,176.174622045338,0,3
173.280839730171,176.428493667486,0,3
172.963578152302,176.716638439436,0,3
172.600602369053,177.035901318982,0,3
172.209733290183,177.453036280325,0,3
171.803972778433,177.86099127192,0,3
171.511560540272,178.163705062158,0,3
171.260510326793,178.436963812965,0,3
170.952574127862,178.723572484408,0,3
170.627137726985,179.019583006784,0,3
170.355271270203,179.263201678409,0,3
170.050675194856,179.538179696178,0,3
169.680074982987,179.821196431789,0,3
169.347951487014,180.093901104065,0,3
169.03923680983,180.33204684524,0,3
168.724913201102,180.555595468726,0,3
168.449694007228,180.732010159469,0,3
168.188768228569,180.922803833302,0,3
167.822089839482,181.147130706083,0,3
167.482744173403,181.394142536307,0,3
167.153248387573,181.589216060902,0,3
166.836114714007,181.770080447665,0,3
166.530106924829,181.938156277351,0,3
166.196912238118,182.114524343905,0,3
165.841969989933,182.292932635008,0,3
165.499884341,182.456562931547,0,3
165.167688369392,182.608825876193,0,3
164.848348997036,182.746311242562,0,3
164.504130333094,182.889436262486,0,3
164.133713724782,183.039716638389,0,3
163.77648339453,183.174840614481,0,3
163.401531980239,183.307376323662,0,3
163.007917673293,183.438406529461,0,3
162.622780226678,183.55969311237,0,3
162.245413242304,183.672048249109,0,3
161.868548050762,183.777704697147,0,3
161.471068806707,183.876445987037,0,3
161.091130269361,183.976173669921,0,3
160.741501846582,184.079370691999,0,3
160.340944989777,184.157671854252,0,3
159.910554521779,184.24373636023,0,3
159.491736947578,184.311907376743,0,3
159.060566981422,184.371319081924,0,3
158.595461932463,184.423822705843,0,3
158.129367930341,184.477462794364,0,3
157.683952338764,184.507334537484,0,3
157.227173370839,184.527310712814,0,3
156.775788759117,184.541086287317,0,3
156.332495712922,184.545561376869,0,3
155.896395176355,184.541769206797,0,3
155.468386184502,184.52867634363,0,3
155.048468758175,184.506282787367,0,3
154.634844785579,184.476655404952,0,3
154.226615169186,184.440827629854,0,3
153.827376174219,184.39466572819,0,3
153.431733423658,184.344370300785,0,3
153.041485050116,184.287874480699,0,3
152.658429186203,184.223111400988,0,3
152.278070489984,184.155248020864,0,3
151.906702436004,184.077050722318,0,3
151.53803154972,183.995753123358,0,3
151.175654117165,183.907221698246,0,3
150.812377607899,183.819723706604,0,3
150.453596419752,183.727058547608,0,3
150.09481521079,183.634393596755,0,3
149.736034022643,183.541728437759,0,3
149.377252834496,183.449063486906,0,3
149.018471646349,183.356398327909,0,3
148.659690437388,183.263733377057,0,3
148.300909249241,183.171068426204,0,3
147.942128061094,183.078403267207,0,3
147.583346872947,182.985738316355,0,3
147.224565663985,182.893073157358,0,3
146.865784475838,182.800408206505,0,3
146.507003287691,182.707743047509,0,3
146.148222099544,182.615078096656,0,3
145.789440890583,182.52241293766,0,3
145.430659702436,182.429747986807,0,3
145.071878514289,182.33708282781,0,3
144.713097326142,182.244417876958,0,3
144.354316137995,182.151752926105,0,3
143.995534929034,182.059087767109,0,3
143.636753740887,181.966422816256,0,3
143.277972552739,181.873757657259,0,3
142.919191364593,181.781092706407,0,3
142.560410155631,181.68842754741,0,3
142.201628967484,181.595762596557,0,3
141.842847779337,181.503097437561,0,3
141.48406659119,181.410432486708,0,3
141.125285382229,181.317767327712,0,3
140.766504194082,181.225102376859,0,3
140.407723005935,181.132437426006,0,3
140.048941817788,181.03977226701,0,3
139.690160608826,180.947107316157,0,3
139.331379420679,180.85444215716,0,3
138.972598232532,180.761777206308,0,3
138.613817044385,180.669112047311,0,3
138.255035856238,180.576447096458,0,3
137.896254647277,180.483781937462,0,3
137.53747345913,180.391116986609,0,3
137.178692270983,180.298451827613,0,3
136.819911082836,180.20578687676,0,3
136.461129873875,180.113121925907,0,3
136.102348685728,180.020456766911,0,3
135.743567497581,179.927791816058,0,3
135.384786309434,179.835126657062,0,3
135.026005100472,179.742461706209,0,3
134.667223912325,179.649796547212,0,3
134.308442724178,179.55713159636,0,3
133.949661536031,179.464466437363,0,3
133.586385026764,179.376968445722,0,3
133.226704761905,179.28533692834,0,3
132.86882265047,179.191638335872,0,3
132.509142385611,179.100006818491,0,3
132.151260253362,179.006308226023,0,3
131.791579988502,178.914676708641,0,3
131.433697877068,178.820978116174,0,3
131.074017612208,178.729346598792,0,3
130.71613547996,178.635648214468,0,3
130.356455235914,178.544016488943,0,3
129.998573103666,178.450318104619,0,3
129.638892838806,178.358686379094,0,3
129.281010706557,178.26498799477,0,3
128.921330462512,178.173356269245,0,3
128.563448330263,178.079657884921,0,3
128.203768065404,177.988026159395,0,3
127.845885933155,177.894327775072,0,3
127.48620568911,177.802696049546,0,3
127.128323556861,177.708997665222,0,3
126.768643292001,177.617365939697,0,3
126.410761159752,177.523667555373,0,3
126.051080915707,177.432036037991,0,3
125.693198783458,177.338337445524,0,3
125.333518518599,177.246705928142,0,3
124.97563638635,177.153007335675,0,3
124.615956138142,177.061375818293,0,3
124.258074007974,176.967677225825,0,3
123.898393751441,176.876045708444,0,3
123.540511621273,176.782347115976,0,3
123.180831366821,176.690715598594,0,3
122.822949234572,176.597017214271,0,3
122.46326898012,176.505385488745,0,3
122.105386849952,176.411687104422,0,3
121.745706593418,176.320055378896,0,3
121.387824463251,176.226356994572,0,3
121.028144208799,176.134725269047,0,3
120.67026207655,176.041026884723,0,3
120.310581822098,175.949395159198,0,3
119.949103441279,175.859830300614,0,3
119.588524124684,175.769232216703,0,3
119.229742932374,175.676567057707,0,3
118.870961737983,175.583902106854,0,3
118.512180545673,175.491236947858,0,3
118.153399353363,175.398571997005,0,3
117.794618158971,175.305906838008,0,3
117.435836966662,175.213241887156,0,3
117.077055774352,175.120576728159,0,3
116.71827457996,175.027911777306,0,3
116.35949338765,174.935246826454,0,3
116.000712193259,174.842581667457,0,3
115.641931000949,174.749916716604,0,3
115.283149808639,174.657251557608,0,3
114.924368614248,174.564586606755,0,3
114.565587421938,174.471921447759,0,3
114.206806229628,174.379256496906,0,3
113.848025035237,174.28659133791,0,3
113.489243842927,174.193926387057,0,3
113.130462650617,174.10126122806,0,3
112.771681456226,174.008596277208,0,3
112.412900263916,173.915931326355,0,3
112.054119071606,173.823266167358,0,3
111.695337877215,173.730601216506,0,3
111.336556684905,173.637936057509,0,3
110.977775492595,173.545271106656,0,3
110.618994298204,173.45260594766,0,3
110.260213105894,173.359940996807,0,3
109.901431913584,173.267275837811,0,3
109.542650719193,173.174610886958,0,3
109.183869526883,173.081945727962,0,3
108.825088334573,172.989280777109,0,3
108.466307140182,172.896615826256,0,3
108.107525947872,172.803950667259,0,3
107.748744755562,172.711285716407,0,3
107.389963561171,172.61862055741,0,3
107.031182368861,172.525955606558,0,3
106.672401176551,172.433290447561,0,3
106.313619982159,172.340625496708,0,3
105.954838789433,172.247960337712,0,3
105.596057596499,172.155295386859,0,3
105.237276403357,172.062630227863,0,3
104.878495210422,171.96996527701,0,3
104.51971401728,171.877300326157,0,3
104.160932824345,171.784635167161,0,3
103.802151631203,171.691970216308,0,3
103.443370438269,171.599305057311,0,3
103.084589245126,171.506640106459,0,3
102.725808052192,171.413974947462,0,3
102.367026859049,171.321309996609,0,3
102.003750355403,171.233812004968,0,3
101.644969161011,171.141146845971,0,3
101.285288906559,171.04951532859,0,3
100.927406776391,170.955816736122,0,3
100.567726519858,170.86418521874,0,3
100.20984438969,170.770486626273,0,3
99.8501641352378,170.678855108891,0,3
99.4922820029891,170.585156516424,0,3
99.1326017485367,170.493524999042,0,3
98.7747196183693,170.399826614718,0,3
98.4150393618355,170.308194889193,0,3
98.0571572316681,170.214496504869,0,3
97.6974769772157,170.122864779344,0,3
97.3395948449669,170.02916639502,0,3
96.9799145905145,169.937534669494,0,3
96.6220324603471,169.843836285171,0,3
96.2623522038133,169.752204559645,0,3
95.9044700736459,169.658506175321,0,3
95.5447898191935,169.566874449796,0,3
95.1869076869447,169.473176065472,0,3
94.8272274324923,169.381544339947,0,3
94.469345302325,169.287845955623,0,3
94.1096650457911,169.196214438241,0,3
93.7517829156238,169.102515845774,0,3
93.3921026590899,169.010884328392,0,3
93.0342205289226,168.917185735925,0,3
92.6745402744702,168.825554218543,0,3
92.3166581422214,168.731855626075,0,3
91.956977887769,168.640224108694,0,3
91.5990957576016,168.546525516226,0,3
91.2394155010678,168.454893998844,0,3
90.8815333709004,168.361195614521,0,3
90.521853116448,168.269563888995,0,3
90.1639709841992,168.175865504671,0,3
89.8042907297468,168.084233779146,0,3
89.4464085995794,167.990535394822,0,3
89.0867283430456,167.898903669297,0,3
88.7288462128782,167.805205284973,0,3
88.3673678341408,167.715640426389,0,3
88.0058894533219,167.626075567806,0,3
87.6471082610121,167.533410616953,0,3
87.2883270666208,167.440745457957,0,3
86.9295458743109,167.348080507104,0,3
86.570764682001,167.255415348107,0,3
86.2119834876097,167.162750397255,0,3
85.8532022952998,167.070085238258,0,3
85.4944211029899,166.977420287406,0,3
85.1356399085986,166.884755128409,0,3
84.7840512134288,166.783822917932,0,3
84.4333615804016,166.681857273984,0,3
84.091662570881,166.56955750347,0,3
83.7553579342154,166.451057340274,0,3
83.424447670405,166.326356784395,0,3
83.1016289679587,166.192355535421,0,3
82.7815074540213,166.055253986034,0,3
82.4694774847965,165.908851951696,0,3
82.1619428366915,165.757282750003,0,3
81.8598025656045,165.599513363771,0,3
81.5648548041462,165.433476509771,0,3
81.2726042103826,165.264339563502,0,3
80.9857479936369,165.089002016407,0,3
80.7051852098074,164.906430851303,0,3
80.4309158797084,164.716625651902,0,3
80.1584446614059,164.524753793702,0,3
79.8913678201213,164.326681334677,0,3
79.6368778446691,164.114141431488,0,3
79.3707000592827,163.915035747135,0,3
79.1171091397287,163.701462202332,0,3
78.8814994838394,163.467220820684,0,3
78.6368991857106,163.243313357459,0,3
78.4021885857195,163.008038334196,0,3
78.1692760975248,162.770696652135,0,3
77.9426570630606,162.526121143921,0,3
77.7232305174109,162.273278167939,0,3
77.5074002161683,162.01630187436,0,3
77.2951661593329,161.755191846898,0,3
77.0883265003299,161.487881426753,0,3
76.8904774419377,161.210236880042,0,3
76.6944265161562,160.930525466389,0,3
76.5046690232909,160.643580434727,0,3
76.3203059074436,160.350434802238,0,3
76.1413371477999,160.051088777067,0,3
75.9704599744976,159.742442058802,0,3
75.8049771573988,159.427594947853,0,3
75.6430905847072,159.108614311165,0,3
75.489295598357,158.780332981381,0,3
75.3426930800067,158.443784391974,0,3
75.2014849594889,158.10103520174,0,3
75.0674693277854,157.750018960026,0,3
74.9415452407945,157.389702025216,0,3
74.8237127401449,157.020084605455,0,3
74.7130727074953,156.642199717926,0,3
74.6105242611871,156.255014345446,0,3
74.5187645481004,155.855427979458,0,3
74.4368945331515,155.444474261576,0,3
74.3631160629152,155.024219850598,0,3
74.301025402613,154.590531220786,0,3
74.2506225522449,154.143408372138,0,3
74.2074122115057,153.688018263865,0,3
74.1561103052394,153.241928640544,0,3
74.0931205890391,152.809273444203,0,3
74.017543986192,152.391085900167,0,3
73.9293805383269,151.987366008439,0,3
73.831327392324,151.595013468603,0,3
73.724283624896,151.212995055334,0,3
73.6073501801446,150.842344202102,0,3
73.4832242257645,150.479960400351,0,3
73.349208594061,150.128944158637,0,3
73.2088995294413,149.785161743076,0,3
73.0595998225821,149.451713245937,0,3
72.9031076477229,149.126532216566,0,3
72.7403220191331,148.808584805205,0,3
72.5712429576271,148.497871428141,0,3
72.3940723305942,148.196458536029,0,3
72.2115073265433,147.901246244742,0,3
72.0226489103906,147.613267571465,0,3
71.8274970405074,147.332522932484,0,3
71.6251526818097,147.060045344985,0,3
71.4183130019923,146.79273492484,0,3
71.206078945157,146.531624897377,0,3
70.9875514554054,146.277748696068,0,3
70.7645286653485,146.02903945397,0,3
70.5334143097646,145.789630904967,0,3
70.2996027656717,145.553322656377,0,3
70.0550024883572,145.329415193151,0,3
69.8193928116535,145.09517360336,0,3
69.5622056476923,144.885733792441,0,3
69.2996241275275,144.682494582348,0,3
69.0397397750573,144.476154863698,0,3
68.7717638778745,144.279116046287,0,3
68.4983935828594,144.088277413415,0,3
68.2169317431317,143.906739681781,0,3
67.932772714895,143.728302042417,0,3
67.6414211978439,143.558131662677,0,3
67.3437762270623,143.395194900947,0,3
67.0425350326878,143.236392081244,0,3
66.7323031960738,143.087923179964,0,3
66.4184751150527,142.943587804424,0,3
66.0974545244027,142.807519688508,0,3
65.767443333142,142.681785699158,0,3
65.4329368207615,142.561218877163,0,3
65.0921368754648,142.447885673178,0,4
64.7450434764376,142.341786295346,0,4
64.3970510423265,142.236720350986,0,4
64.0535539085209,142.126487447413,0,4
63.7217445846494,142.002820325006,0,4
63.4070174269156,141.859518382937,0,4
63.1093724769484,141.69658182935,0,4
62.8252134487117,141.518144189986,0,4
62.5536412863073,141.325238898315,0,4
62.3036466319749,141.107531827772,0,4
62.053651956828,140.889824757229,0,4
61.7901713599507,140.687618772463,0,4
61.533883272702,140.477145736217,0,4
61.2668064314175,140.279073277191,0,4
60.9988305134203,140.08203445978,0,2
60.7200658622016,139.89739621959,0,2
60.4422002668811,139.711724754073,0,2
60.1544449942372,139.537420848592,0,2
59.8621944004735,139.36828369418,0,2
59.5645494505063,139.205347140593,0,2
59.2606110468085,139.04964441316,0,2
58.9521773428052,138.899108853081,0,2
58.6356520732751,138.757873777954,0,2
58.3137324267269,138.622839095509,0,2
57.9873174798734,138.492971372276,0,2
57.6546091001037,138.370337683339,0,2
57.3129100780944,138.258037912825,0,2
56.9649176439834,138.152971968464,0,2
56.608833623531,138.057206717198,0,2
56.2491533794858,137.965574991673,0,2
55.8786843814046,137.886344259655,0,2
55.5019219295929,137.814347353791,0,2
55.1152698212722,137.753717799821,0,2
54.7205261266102,137.702388938945,0,2
54.3149936987265,137.663461071578,0,2
53.9022687820285,137.632800255691,0,2
53.475158846073,137.618673959053,0,2
53.0390583095067,137.614881788981,0,2
52.5885727536829,137.627623930014,0,2
52.1237022202303,137.656900798438,0,2
51.6694758433852,137.69689998143,0,2
51.2428111892474,137.751133279497,0,2
50.7864822280014,137.816506428392,0,2
50.3664757786141,137.876861024535,0,2
50.0016828384202,137.974763079026,0,2
49.5715871019012,138.065080377086,0,2
49.132835064368,138.133207267134,0,2
48.683049287664,138.19105935157,0,2
48.2337677390734,138.225374962687,0,2
47.7688972056208,138.254651622968,0,2
47.3193107265096,138.266360538673,0,2
46.8859073576379,138.259468068188,0,2
46.4614946310057,138.242241471137,0,2
46.0487696934933,138.211580863394,0,2
45.6450353982205,138.170585920941,0,2
45.2529888920675,138.116156967796,0,2
44.8690339722557,138.052427321557,0,2
44.4913724645458,137.98146364102,0,2
44.1236006549736,137.899132608589,0,2
43.7630213342159,137.808534524679,0,2
43.410533578985,137.708635539529,0,2
43.0643392566704,137.60150293637,0,2
42.7262364998827,137.485069431972,0,2
42.3935280992986,137.362435743035,0,2
42.0671131524451,137.232568019801,0,2
41.7478906944059,137.094433245087,0,2
41.4340626133847,136.950097869547,0,2
41.1274270211779,136.797495442527,0,2
40.8261858268035,136.63869241468,0,2
40.5285408560219,136.475755861094,0,2
40.2398865274798,136.302485180941,0,2
39.9530303107341,136.12714784199,0,2
39.6751647154136,135.941476376472,0,2
39.399996308602,135.752704610542,0,2
39.1329194673174,135.55463235966,0,2
38.8667416819311,135.355526467163,0,2
38.6131507623771,135.141953130504,0,2
38.3631561080446,134.924246059961,0,2
38.1131614537122,134.706538989418,0,2
37.8685611555833,134.482631526192,0,2
37.632951499694,134.248390144544,0,2
37.4027362000083,134.00794816207,0,2
37.1689246559154,133.77163991348,0,2
36.9225262459902,133.549799109053,0,2
36.6797240804721,133.323824987029,0,2
36.4288303494271,133.107151349957,0,2
36.1725422621785,132.896678105567,0,2
35.9180522867263,132.684137994235,0,2
35.6500763687291,132.487099176824,0,2
35.3776051504266,132.295227110481,0,2
35.1033358203276,132.105422119223,0,2
34.8218739805999,131.923884179446,0,2
34.5341186871416,131.749580273966,0,2
34.2427671700906,131.579409894226,0,2
33.9442231434107,131.417506565967,0,2
33.6411838164255,131.260770405062,0,2
33.3318510357097,131.111268070311,0,2
33.0171238987903,130.967966336386,0,2
32.694305196344,130.833965087412,0,2
32.3696883612868,130.70203070538,0,2
32.0360809256189,130.58043024177,0,2
31.6970790921186,130.465030378987,0,2
31.350884769804,130.357897567684,0,2
30.997497958675,130.259032016005,0,2
30.6387167497136,130.166367065153,0,2
30.2700458842432,130.085069466193,0,2
29.8959806209405,130.009972259916,0,2
29.5120257011288,129.946242613677,0,2
29.1208782508739,129.890780018917,0,2
28.7189420882119,129.847718417666,0,2
28.3089143392085,129.81395750951,0,2
27.8871987802709,129.793630820189,0,2
27.4546944881118,129.785704916233,0,2
27.0131995745276,129.788113138844,0,2
26.5519252854822,129.813256273384,0,2
26.0843575635206,129.845633234078,0,4
25.6428131949932,129.89401249058,0,4
25.2188956838523,129.945088248716,0,4
24.7741094355671,129.974236692478,0,4
24.338907954899,129.969411088934,0,4
23.9360727155244,129.927382921154,0,4
23.5539159075091,129.861586407972,0,4
23.1933365867513,129.770988115918,0,4
22.8444450759277,129.666955605028,0,4
22.4964526210022,129.561889868811,0,4
22.1493592427894,129.455790490979,0,4
21.8004677319657,129.351757980089,0,3
21.4533743537529,129.245658602257,0,3
21.1053818988274,129.14059286604,0,3
20.7573894647164,129.035526921679,0,3
20.4093970097909,128.930460977318,0,3
20.0623036315781,128.824361599486,0,3
19.7134121207545,128.720329088596,0,3
19.3663187425416,128.614229918908,0,3
19.017427231718,128.510197408018,0,3
18.6703338326907,128.404098030186,0,3
18.3232404544779,128.297998652354,0,3
17.9743489436542,128.193966141464,0,3
17.6272555654414,128.087866971776,0,3
17.2783640546178,127.983834460886,0,3
16.9312706764049,127.877735083054,0,3
16.5823791655813,127.773702572164,0,3
16.2352857873684,127.667603402476,0,3
15.8863942765448,127.563570891586,0,3
15.5401999542301,127.456438080283,0,3
15.1913084434065,127.352405569393,0,3
14.8442150651936,127.246306191561,0,3
14.4962226102682,127.141240455344,0,3
14.1509273438518,127.03307421057,0,3
13.8137236637766,126.915607480845,0,3
13.4864096402105,126.786773191082,0,3
13.1644899936624,126.651738716781,0,3
12.852460045252,126.505336474299,0,3
12.5494206974524,126.348600313394,0,3
12.2517757474851,126.185663759808,0,3
11.9640204748412,126.011359854328,0,3
11.6843567469099,125.827755047608,0,3
11.4091883400984,125.638983489822,0,3
11.1403133870174,125.442977897738,0,3
10.8876215233616,125.228371127608,0,3
10.631333436113,125.017897883218,0,3
10.3903293823913,124.789856686108,0,3
10.1403347280589,124.572149823709,0,3
9.90832131657677,124.333774708177,0,3
9.66012477404074,124.114000770692,0,3
9.42631322994784,123.877692522102,0,3
9.17991482002258,123.655851717675,0,3
8.9443051433189,123.421610336027,0,3
8.69970486600443,123.197702872801,0,3
8.46319613340255,122.964494716481,0,3
8.21949491198628,122.739553819784,0,3
7.98208712348619,122.507379096934,0,3
7.73928495796813,122.281404766767,0,3
7.50007903685726,122.051296910859,0,3
7.2590749831356,121.823255921893,0,3
7.01807095022833,121.595214724784,0,3
6.77886502911745,121.365106868876,0,3
6.53696194031197,121.138099313382,0,3
6.29865507509931,120.906958024003,0,3
6.05585290958124,120.680983693835,0,3
5.81844512108116,120.448808970986,0,3
5.57384484376668,120.22490150776,0,3
5.338235167063,119.990659917969,0,3
5.09183675713775,119.768819321685,0,3
4.85802521304485,119.532511073095,0,3
4.61072774722139,119.311703702139,0,3
4.3778152590267,119.074362020078,0,3
4.12961871649066,118.854588082593,0,3
3.89760530500854,118.616212967061,0,3
3.6485097065743,118.39747267119,0,3
3.41649627427782,118.159097555658,0,3
3.16740067584357,117.940357051644,0,3
2.93538726436147,117.701981936112,0,3
2.68719072182543,117.482207998627,0,3
2.4542782544451,117.244866316566,0,3
2.20698076780728,117.024059153754,0,3
1.97316922371438,116.78775069702,0,3
1.72677081378912,116.565910100736,0,3
1.49116115789981,116.331668510945,0,3
1.24656085977097,116.107761047719,0,3
1.00915307127088,115.87558632487,0,3
0.766350905752822,115.649612202846,0,3
0.528044061354522,115.418470913467,0,3
0.286140951734662,115.191463149829,0,3
0.0469350306237962,114.961355293921,0,3
-0.194069002283486,114.733314096811,0,3
-0.435073056005132,114.505273107846,0,3
-0.674278956301635,114.275165251938,0,3
-0.917081121819697,114.049190921771,0,3
-1.15448891031978,113.817016198921,0,3
-1.39819015255042,113.592075302224,0,3
-1.63469886433794,113.358867354047,0,3
-1.87929916246679,113.134959890822,0,3
-2.11490883917047,112.90071830103,0,3
-2.36130724909571,112.678877704747,0,3
-2.5951187931886,112.442569248013,0,3
-2.84331531491028,112.222795518672,0,3
-3.07532874720676,111.98442040314,0,3
-3.3235252897428,111.764646465654,0,3
-3.55643775712312,111.527304783594,0,3
-3.80463429965916,111.307530846108,0,3
-4.03664771114128,111.069155730576,0,3
-4.28574330957553,110.850415434706,0,3
-4.51775674187201,110.612040319174,0,3
-4.76595326359366,110.392266381689,0,3
-4.99976480768658,110.155958133099,0,3
-5.24616321761182,109.934117328671,0,3
-5.4808738384173,109.698842513553,0,3
-5.72996943685154,109.480102009538,0,3
